country_id,year,stunting_pct,underweight_pct,wasting_pct
AFG,1997,53.2,44.9,17.3
AFG,2004,59.3,31.7,9.1
AFG,2013,40.4,24.6,9.5
AFG,2018,38.2,19.1,5.1
AFG,2022,44.6,18.4,3.6
AGO,1996,64.6,42.3,8.6
AGO,2007,29.2,15.1,8.2
AGO,2015,45.7,24.7,5.4
ALB,2005,35.7,11.7,7.3
ALB,2009,30.9,9.0,6.7
ALB,2017,17.1,1.9,2.5
ARG,1994,7.1,1.7,1.6
ARG,1996,16.9,4.7,4.2
ARG,2005,7.2,2.5,1.7
ARG,2018,8.7,2.0,1.7
ARM,1998,19.3,3.3,2.3
ARM,2000,20.0,2.6,2.0
ARM,2005,16.9,4.1,3.8
ARM,2010,23.6,8.0,5.4
ARM,2016,13.4,3.1,5.9
AUS,1995,0.0,0.0,0.0
AUS,2007,1.9,0.5,0.2
AZE,1996,28.0,8.8,3.8
AZE,2000,24.2,14.0,9.0
AZE,2001,18.0,5.9,3.2
AZE,2006,26.5,8.4,6.8
AZE,2011,16.4,6.5,6.6
AZE,2013,17.8,4.9,3.2
AZE,2023,6.6,3.0,3.5
BDI,1987,52.9,30.9,7.9
BDI,2000,65.9,40.8,8.1
BDI,2005,57.7,35.2,9.0
BDI,2010,59.4,30.1,6.1
BDI,2012,52.0,27.9,8.0
BDI,2016,58.8,31.1,5.3
BDI,2018,56.6,29.6,4.8
BDI,2019,54.0,27.0,4.8
BDI,2020,50.9,27.7,5.7
BDI,2022,55.8,27.6,5.0
BDI,2023-05,58.0,28.0,4.7
BDI,2023-08,55.9,29.3,5.8
BDI,2024,52.8,28.3,7.8
BEL,2014,1.6,1.1,0.5
BEL,2023,1.9,0.3,0.8
BEN,2001,40.7,24.7,5.7
BEN,2014,45.1,26.8,0.8
BEN,2018,39.5,20.5,5.1
BEN,2021,39.9,23.9,7.2
BEN,1996,40.9,29.9,16.9
BEN,2001,42.6,26.8,11.9
BEN,2008,39.0,18.0,5.2
BEN,2014,46.9,25.3,6.4
BEN,2018,41.9,21.2,5.8
BEN,2021,46.1,27.8,9.0
BFA,1993,42.4,30.2,15.9
BFA,1999,48.1,36.6,17.9
BFA,2009,35.1,26.0,11.3
BFA,2010-08,34.7,26.2,15.5
BFA,2010-09,41.8,32.5,17.3
BFA,2011,34.6,25.1,10.4
BFA,2012,32.8,24.3,10.7
BFA,2013,31.3,20.9,8.1
BFA,2014,29.0,20.0,8.5
BFA,2015,30.1,22.8,10.2
BFA,2016,26.8,18.9,7.5
BFA,2017,21.1,16.2,8.6
BFA,2018,24.9,17.7,8.4
BFA,2019,23.8,16.4,8.1
BFA,2020-10,17.5,12.7,8.8
BFA,2020-12,26.0,22.7,12.6
BFA,2021-09,29.2,24.3,12.9
BFA,2021-10,21.1,16.9,9.3
BGD,1986,70.9,66.8,17.3
BGD,1990,63.4,61.5,17.5
BGD,1991,73.6,61.2,15.2
BGD,1992,71.5,60.6,16.1
BGD,1993,69.2,56.1,14.0
BGD,1994,67.3,58.0,16.7
BGD,1995,65.8,55.2,15.1
BGD,1996,63.8,54.0,15.5
BGD,1997,59.6,53.6,20.7
BGD,1998,59.3,50.7,15.0
BGD,1999,59.9,49.5,13.7
BGD,2000,51.1,42.4,12.5
BGD,2001,53.2,43.2,12.7
BGD,2002,51.4,41.0,12.4
BGD,2003,47.8,38.9,12.5
BGD,2004,50.5,42.8,14.6
BGD,2005-07,46.2,39.7,14.5
BGD,2005-12,45.9,37.3,11.8
BGD,2006,45.1,37.9,11.9
BGD,2007,43.2,41.3,17.5
BGD,2011-07,40.0,34.0,12.0
BGD,2011-09,41.3,36.7,15.7
BGD,2011-12,44.9,31.4,12.1
BGD,2012-07,37.0,33.0,11.0
BGD,2012-12,41.2,34.4,13.4
BGD,2013-02,42.0,31.9,9.6
BGD,2013-06,38.7,35.1,18.1
BGD,2013-07,35.0,30.0,11.0
BGD,2014-07,35.0,30.0,11.0
BGD,2014-09,36.2,32.8,14.4
BGD,2015-04,32.7,28.9,15.6
BGD,2015-11,35.0,31.0,10.0
BGD,2018,30.9,21.9,8.4
BGD,2019-01,26.2,19.1,9.5
BGD,2019-03,28.0,22.6,9.8
BGD,2022,23.6,21.7,10.7
BGR,2004,15.2,1.1,2.2
BGR,2007,9.2,3.7,4.7
BGR,2014,7.0,1.7,5.9
BHR,1989,13.9,6.3,6.8
BHR,1995,13.6,7.6,6.6
BIH,2000,12.6,4.2,7.3
BIH,2006,12.3,1.3,3.4
BIH,2012,7.9,1.4,2.6
BLR,2005,11.8,2.8,2.6
BLR,2019,1.1,,1.3
BLR,2020,1.2,,1.3
BLR,2021,1.2,,1.2
BLR,2022,1.2,,1.3
BLR,2023,1.2,,1.3
BLZ,1992,,5.4,
BLZ,2006,39.1,5.0,0.6
BLZ,2011,35.1,6.2,3.3
BLZ,2015,26.8,4.6,0.4
BOL,1988,,9.8,
BOL,1989,49.2,8.9,2.9
BOL,1990,,9.7,
BOL,1991,,10.2,
BOL,1992,,10.5,
BOL,1994,43.5,12.5,7.8
BOL,1998,44.1,5.9,1.9
BOL,2003,43.5,5.8,2.0
BOL,2008,38.7,4.5,1.8
BOL,2012,25.5,3.6,2.1
BOL,2016,24.0,3.4,1.7
BRA,1989,28.2,8.5,2.5
BRA,1996,22.8,6.8,3.6
BRA,2007,7.5,2.0,2.4
BRA,2019,8.0,3.5,3.4
BRB,2012,10.5,1.3,5.3
BRN,2009,19.6,9.7,2.9
BTN,1987,60.9,34.0,5.2
BTN,1999,47.7,13.9,2.6
BTN,2008,34.9,10.4,4.5
BTN,2010,33.5,12.7,5.9
BTN,2023,17.9,8.7,5.1
BWA,1996,35.1,15.1,13.2
BWA,2000,29.1,11.1,5.9
BWA,2007,28.9,11.8,7.3
CAF,1994,48.5,29.8,10.3
CAF,2000,48.1,27.1,11.5
CAF,2006,49.4,26.5,11.3
CAF,2010,44.9,25.9,7.6
CAF,2012,39.7,24.5,7.4
CAF,2014,38.0,20.0,6.2
CAF,2018,37.5,19.7,6.5
CAF,2019-03,44.2,25.9,6.1
CAF,2019-11,40.2,20.5,5.2
CAF,2022,37.9,18.4,5.2
CHL,1986,13.5,2.2,0.7
CHL,1994,4.2,0.8,0.5
CHL,1995,3.9,0.8,0.5
CHL,1996,3.7,0.7,0.5
CHL,1998,3.3,0.7,0.6
CHL,1999,3.1,0.7,0.5
CHL,2001,2.8,0.7,0.5
CHL,2002,2.5,0.7,0.5
CHL,2003,2.5,0.6,0.5
CHL,2004,2.4,0.6,0.5
CHL,2006,2.2,0.6,0.5
CHL,2007,2.1,0.6,0.3
CHL,2008,2.0,0.5,0.3
CHL,2013,1.8,0.5,0.3
CHL,2014,1.8,0.5,0.3
CHN,1987,38.3,18.7,4.8
CHN,1990,32.3,12.6,4.2
CHN,1992,38.0,14.2,3.9
CHN,1995,31.2,10.7,5.0
CHN,1998,19.8,6.9,2.4
CHN,2000,17.8,7.4,2.5
CHN,2002,21.8,6.8,3.0
CHN,2005,11.7,4.5,2.9
CHN,2008,9.8,3.8,2.6
CHN,2009,9.0,3.4,2.6
CHN,2010,9.4,3.4,2.3
CHN,2013,8.1,2.4,1.9
CHN,2017,4.8,,1.9
CIV,1986,25.9,15.7,8.4
CIV,1994,36.3,24.4,12.1
CIV,1998,35.1,21.6,7.1
CIV,2007,44.4,36.5,16.0
CIV,2011,27.2,15.5,5.3
CIV,2012,35.2,17.5,7.6
CIV,2016,27.4,15.4,6.3
CIV,2021,28.2,16.6,8.5
CMR,1991,40.0,20.8,7.6
CMR,1998,44.7,28.0,11.0
CMR,2004,46.5,23.7,8.2
CMR,2006,51.2,31.2,11.7
CMR,2011,48.5,30.6,10.5
CMR,2014,42.1,27.5,8.0
CMR,2018,39.9,20.4,7.6
COD,2001,50.7,34.7,16.3
COD,2007,47.8,28.3,8.9
COD,2010,46.7,28.7,9.8
COD,2013,49.5,30.7,8.7
COD,2017,53.0,31.7,7.7
COD,1995,51.0,30.7,11.4
COD,2001,44.4,30.3,15.9
COD,2007,45.8,25.6,10.4
COD,2010,43.4,24.2,8.5
COD,2013,42.7,23.4,8.1
COD,2017,41.8,23.1,6.4
COD,2023,44.7,25.0,7.2
COG,1987,30.1,16.4,6.6
COG,2005,31.2,11.9,8.0
COG,2011,24.4,11.8,6.0
COG,2014,21.2,12.3,8.2
COL,1986,31.8,12.1,1.1
COL,1988,21.8,8.8,3.8
COL,1995,24.9,8.9,2.3
COL,2000,24.3,6.5,1.0
COL,2005,22.5,6.8,1.6
COL,2010,16.6,4.6,1.0
COL,2016,17.3,5.1,2.1
COM,1992,38.5,15.2,5.3
COM,1996,38.7,22.4,9.7
COM,2000,46.9,25.1,13.3
COM,2012,31.1,16.9,11.2
COM,2022,18.2,9.1,5.1
CPV,1985,26.8,13.7,4.2
CPV,1994,21.4,11.8,6.9
CPV,2018,6.0,2.2,2.4
CRI,1989,,2.4,
CRI,1990,,2.5,
CRI,1991,,2.2,
CRI,1992,,2.0,
CRI,1993,,2.0,
CRI,1994,,1.9,
CRI,1996,8.2,3.8,2.4
CRI,2008,5.6,0.9,0.7
CRI,2018,9.0,2.9,1.8
CUB,2000,7.0,3.4,2.4
CUB,2019,7.1,2.4,2.0
CZE,1991,3.1,0.9,2.8
CZE,2001,2.8,2.1,4.5
DEU,2004,1.2,1.1,1.0
DEU,2016,1.3,0.6,0.5
DJI,1989,28.0,20.2,12.5
DJI,1996,31.7,19.7,15.3
DJI,2011,31.0,24.2,10.8
DJI,2013,28.0,26.0,13.9
DJI,2019,20.9,16.2,10.6
DJI,2023,25.5,17.7,12.1
DOM,1986,30.4,12.0,2.8
DOM,1991,28.2,11.7,2.2
DOM,1996,19.0,6.9,2.0
DOM,2000,11.5,4.8,1.7
DOM,2002,13.6,5.4,2.9
DOM,2006,9.4,3.6,1.8
DOM,2007,12.7,3.8,1.6
DOM,2013,6.6,3.9,2.7
DOM,2019,7.5,3.4,2.2
DZA,1987,16.9,8.0,4.0
DZA,1992,22.9,9.2,7.1
DZA,1995,22.6,11.3,9.6
DZA,2000,23.6,5.4,3.1
DZA,2002,24.0,11.1,9.6
DZA,2006,15.4,3.4,4.1
DZA,2012,11.7,3.0,4.1
DZA,2019,9.8,2.7,2.7
ECU,1986,40.2,14.5,2.3
ECU,1999,27.9,10.4,2.7
ECU,2004,29.2,6.7,2.0
ECU,2006,25.9,6.8,2.1
ECU,2012,25.4,6.4,2.4
ECU,2014,23.9,5.1,1.6
ECU,2023,17.5,4.3,0.9
ECU,2024,17.4,4.9,0.7
EGY,1988,39.3,14.4,2.5
EGY,1991,38.5,12.2,5.1
EGY,1992,34.8,9.1,4.0
EGY,1995,39.3,12.6,5.7
EGY,1997,30.9,10.2,7.5
EGY,1998,26.3,9.4,6.4
EGY,2000,27.9,,
EGY,2003,21.6,9.6,5.2
EGY,2005,25.0,5.4,4.4
EGY,2008,31.6,6.7,7.2
EGY,2014,21.5,7.1,9.2
EGY,2021,13.5,3.1,2.7
ERI,1993,69.6,36.9,11.8
ERI,1995,44.1,39.3,18.1
ERI,2002,43.0,34.3,15.0
ERI,2010,52.5,39.4,14.6
EST,2014,0.0,1.0,1.6
ETH,1992,66.9,41.9,9.2
ETH,2000,57.4,41.8,12.4
ETH,2005,50.0,34.3,12.4
ETH,2011,44.4,29.2,9.8
ETH,2014,40.4,26.5,8.8
ETH,2016,38.3,23.5,10.0
ETH,2019,36.8,21.2,6.8
FAO_LIFDC,1990,,,11.4
FAO_LIFDC,1991,,,11.1
FAO_LIFDC,1992,,,10.9
FAO_LIFDC,1993,,,10.7
FAO_LIFDC,1994,,,10.5
FAO_LIFDC,1995,,,10.3
FAO_LIFDC,1996,,,10.1
FAO_LIFDC,1997,,,9.9
FAO_LIFDC,1998,,,9.7
FAO_LIFDC,1999,,,9.6
FAO_LIFDC,2000,,,9.4
FAO_LIFDC,2001,,,9.2
FAO_LIFDC,2002,,,9.0
FAO_LIFDC,2003,,,8.8
FAO_LIFDC,2004,,,8.7
FAO_LIFDC,2005,,,8.5
FAO_LIFDC,2006,,,8.3
FAO_LIFDC,2007,,,8.2
FAO_LIFDC,2008,,,8.0
FAO_LIFDC,2009,,,7.9
FAO_LIFDC,2010,,,7.7
FAO_LIFDC,2011,,,7.6
FAO_LIFDC,2012,,,7.4
FAO_LIFDC,2013,,,7.3
FAO_LIFDC,2014,,,7.1
FAO_LIFDC,2015,,,7.0
FAO_LIFDC,2016,,,6.8
FAO_LIFDC,2017,,,6.7
FAO_LIFDC,2018,,,6.6
FAO_LIFDC,2019,,,6.4
FAO_LIFDC,2020,,,6.3
FAO_LIFDC,2021,,,6.2
FAO_LIFDC,2022,,,6.1
FAO_LIFDC,2023,,,5.9
FAO_LIFDC,2024,,,5.8
FIN,2013,1.8,,1.2
FIN,2014,1.8,,1.2
FIN,2015,1.7,,1.2
FIN,2016,1.7,,1.2
FIN,2017,1.3,,1.0
FIN,2018,1.3,,1.1
FIN,2019,1.3,,1.2
FIN,2020,1.3,,1.1
FIN,2021,1.3,,1.4
FIN,2022,1.8,,1.6
FIN,2023,2.8,,1.6
FJI,1993,4.3,6.9,9.8
FJI,2004,7.3,5.4,6.4
FJI,2014,6.2,5.9,7.0
FJI,2021,7.2,4.6,4.6
GAB,2000,41.0,14.6,4.0
GAB,2012,33.7,10.8,4.1
GAB,2020,29.8,11.3,3.8
GBR,2007,2.3,0.5,0.4
GBR,2008,1.8,0.4,0.3
GBR,2009,1.7,0.4,0.3
GBR,2010,1.8,0.3,
GBR,2010-03,,,0.2
GBR,2010-05,,,0.2
GBR,2011-03,1.7,0.3,0.2
GBR,2011-12,0.6,0.0,0.6
GBR,2012,2.1,0.5,0.3
GBR,2013,2.1,0.6,
GBR,2013-03,,,0.4
GBR,2013-05,,,0.2
GBR,2014,2.0,0.6,0.4
GBR,2015,2.0,0.6,
GBR,2015-03,,,0.4
GBR,2015-05,,,0.4
GBR,2016,2.0,0.6,0.4
GBR,2017,1.9,0.5,
GBR,2017-03,,,0.4
GBR,2017-11,,,0.4
GBR,2018,2.0,0.6,0.4
GBR,2019,2.0,0.6,0.4
GEO,1999,16.1,2.7,3.1
GEO,2005,14.6,2.4,3.0
GEO,2009,11.8,1.1,1.3
GEO,2018,5.8,2.1,0.6
GHA,1988,35.7,23.8,9.2
GHA,1993,37.2,27.9,16.2
GHA,1997,38.0,24.4,8.0
GHA,1998,34.5,22.5,10.8
GHA,2003,40.7,22.1,8.7
GHA,2006,34.0,17.0,6.4
GHA,2008,32.5,16.6,9.3
GHA,2011,26.3,15.5,6.6
GHA,2014,22.1,13.2,5.7
GHA,2017,20.3,13.3,6.6
GHA,2022,19.6,13.1,5.9
GIN,1994,35.3,21.2,14.0
GIN,1999,31.1,20.0,9.7
GIN,2005,39.3,22.7,11.0
GIN,2007,34.0,16.4,7.2
GIN,2012-01,34.4,16.0,5.1
GIN,2012-08,31.1,18.8,10.0
GIN,2016,32.4,18.3,8.1
GIN,2018,30.3,16.3,9.2
GIN,2022,26.1,15.0,6.4
GMB,1996,36.1,23.2,
GMB,2000,24.1,15.4,9.1
GMB,2006,27.7,15.8,7.9
GMB,2010-06,23.4,17.4,11.0
GMB,2010-08,25.1,20.3,12.2
GMB,2012,21.1,17.9,9.5
GMB,2013,24.6,16.5,10.1
GMB,2018-03,19.0,13.9,6.8
GMB,2018-04,13.6,10.3,9.4
GMB,2020,17.5,11.6,4.3
GNB,2000,37.5,21.5,13.0
GNB,2008,27.6,16.4,4.8
GNB,2010,41.1,21.8,7.0
GNB,2012,26.4,17.0,6.2
GNB,2014,30.8,18.7,6.1
GNB,2019-01,30.4,17.5,5.2
GNB,2019-09,28.1,18.8,7.8
GNQ,1997,46.5,18.2,3.1
GNQ,2000,47.2,17.8,7.2
GNQ,2004,25.7,7.3,2.8
GNQ,2011,31.5,6.2,4.0
GRC,2003,1.5,0.5,1.5
GTM,1987,66.8,30.3,2.5
GTM,1995,62.6,25.4,4.0
GTM,1999,61.4,25.0,3.5
GTM,2000,58.1,23.6,4.1
GTM,2002,60.3,20.7,2.0
GTM,2009,61.0,17.3,1.1
GTM,2015-02,53.3,14.0,0.7
GTM,2015-12,49.9,13.6,2.2
GTM,2021,49.5,15.8,0.8
GUY,1993,14.4,12.9,6.0
GUY,1997,14.0,10.3,13.3
GUY,2000,15.8,12.3,12.5
GUY,2006,18.0,10.8,7.5
GUY,2009,21.1,11.9,5.5
GUY,2014,12.0,8.7,6.8
GUY,2019,9.4,9.8,7.0
HND,1987,43.3,18.1,2.3
HND,1991,42.7,15.0,2.4
HND,1994,45.7,16.1,2.7
HND,1996,43.3,18.2,1.5
HND,2001,35.5,12.8,1.3
HND,2004,31.5,11.5,2.1
HND,2006,29.8,8.7,1.4
HND,2012,22.6,7.1,1.4
HND,2019,18.7,7.1,1.9
HTI,1990,40.1,23.7,5.9
HTI,1994,37.1,23.8,9.3
HTI,2000,28.8,13.9,5.5
HTI,2006,29.6,18.9,10.2
HTI,2012-03,23.4,10.6,4.1
HTI,2012-04,22.0,11.6,5.1
HTI,2013,21.9,13.0,6.3
HTI,2017,21.9,9.5,3.7
HTI,2023,22.0,10.7,5.0
IDN,1987,,35.9,
IDN,1989,,31.0,
IDN,1992,,29.8,
IDN,1996,48.1,30.3,14.9
IDN,1998,,25.8,
IDN,1999,,22.8,
IDN,2000,42.3,24.7,5.5
IDN,2001,41.6,23.4,5.4
IDN,2002,,23.0,
IDN,2003,,23.1,
IDN,2004,28.6,19.7,14.4
IDN,2005,,24.4,
IDN,2008,40.1,19.6,14.8
IDN,2010,39.2,18.6,12.3
IDN,2013,36.4,19.9,13.5
IDN,2018,30.0,17.7,10.5
IDN,2019,26.6,17.9,8.6
IDN,2021,24.4,17.0,7.1
IDN,2022,21.6,16.8,7.5
IDN,2023,22.0,15.9,8.4
IND,1989,62.7,55.5,20.3
IND,1991,61.9,52.8,20.0
IND,1992,57.1,51.3,19.8
IND,1997,45.9,38.4,18.4
IND,1999,51.0,45.4,17.9
IND,2006,47.8,43.5,20.0
IND,2014,38.7,29.4,15.1
IND,2015,37.9,36.3,20.8
IND,2017,36.1,33.8,16.9
IND,2020,35.5,31.5,18.7
IRL,2011,2.2,0.5,0.4
IRN,1995,24.4,13.8,8.1
IRN,1998,20.4,9.5,6.1
IRN,2004,7.1,4.6,4.8
IRN,2010,6.8,4.1,4.0
IRN,2017,4.8,4.3,4.3
IRQ,1991,27.6,10.4,4.4
IRQ,2000,28.1,12.8,6.6
IRQ,2003,33.7,10.1,5.6
IRQ,2004,20.0,8.0,6.9
IRQ,2006,27.5,7.1,5.8
IRQ,2011,22.1,7.2,6.5
IRQ,2018,12.6,3.9,3.0
JAM,1989,13.8,6.4,2.9
JAM,1991,12.3,5.4,3.1
JAM,1992,16.0,5.3,2.2
JAM,1993,12.4,7.8,5.5
JAM,1994,12.1,3.9,2.7
JAM,1995,8.1,3.7,4.8
JAM,1996,10.0,4.2,1.8
JAM,1997,11.1,4.1,1.7
JAM,1998,10.0,3.1,2.4
JAM,1999,7.2,2.0,2.0
JAM,2000,7.6,3.3,0.0
JAM,2001,6.6,3.3,3.8
JAM,2002,7.2,2.8,2.5
JAM,2004,5.9,3.6,5.1
JAM,2006,7.8,3.3,3.8
JAM,2007,5.4,1.1,2.4
JAM,2008,8.1,2.4,2.3
JAM,2010,6.3,2.2,3.7
JAM,2012,5.8,2.9,2.8
JAM,2014,4.1,2.4,1.9
JAM,2016,10.2,6.1,3.8
JAM,2018,5.0,2.8,1.5
JOR,1990,32.2,7.6,3.8
JOR,1997,25.9,9.1,2.3
JOR,2002,22.5,6.8,4.6
JOR,2009,14.0,3.3,2.0
JOR,2012,14.8,4.2,2.8
JOR,2019,5.1,2.5,2.5
JOR,2023,14.6,8.4,1.9
JPN,1990,5.0,2.5,1.6
JPN,2000,5.8,2.5,1.7
JPN,2010,7.1,3.4,2.4
KAZ,1995,32.2,7.3,5.7
KAZ,1999,18.7,4.6,2.3
KAZ,2006,21.6,6.4,3.9
KAZ,2010,14.4,3.9,5.1
KAZ,2015,9.9,3.5,3.1
KEN,1987,37.0,,5.5
KEN,1993,40.2,26.2,7.1
KEN,1994,41.1,24.5,6.8
KEN,1998,36.8,26.9,7.5
KEN,2000,40.8,23.4,7.4
KEN,2003,35.8,25.8,6.2
KEN,2005,40.3,18.0,6.9
KEN,2008,35.5,25.1,6.9
KEN,2011,26.3,20.1,6.0
KEN,2014,26.2,20.1,4.2
KEN,2016,28.6,13.0,6.7
KEN,2022,17.6,18.7,4.5
KGZ,1997,42.9,9.1,4.1
KGZ,2006,20.2,2.5,5.4
KGZ,2009,26.1,5.5,1.2
KGZ,2012,18.6,5.3,2.7
KGZ,2014,18.1,3.5,3.1
KGZ,2018,14.2,1.0,1.5
KGZ,2021,8.6,1.0,0.9
KGZ,2023,17.4,4.9,2.8
KHM,1996,59.5,43.3,13.6
KHM,2000,50.4,40.5,17.2
KHM,2005,43.9,28.4,8.4
KHM,2008,41.2,30.1,9.2
KHM,2010,42.0,30.6,10.9
KHM,2014,33.8,25.6,10.0
KHM,2021,24.7,18.6,10.3
KIR,1985,34.4,11.3,12.6
KIR,2009,,15.1,
KIR,2018,15.2,6.9,3.5
KOR,2003,2.5,0.9,0.9
KOR,2008,,,0.7
KOR,2011,1.3,0.8,0.5
KOR,2014,1.6,1.0,0.6
KOR,2017,2.3,0.9,0.9
KOR,2020,0.9,0.4,0.2
KWT,1996,5.0,1.5,1.7
KWT,2001,3.9,2.2,2.1
KWT,2002,3.6,2.1,2.2
KWT,2003,4.0,2.3,2.6
KWT,2004,4.1,2.8,3.4
KWT,2005,4.5,2.6,3.3
KWT,2006,4.8,2.9,3.0
KWT,2007,5.1,2.9,3.5
KWT,2008,5.1,2.4,2.3
KWT,2009,3.8,1.7,1.8
KWT,2010,4.0,1.7,2.4
KWT,2011,4.1,2.1,1.7
KWT,2012,4.3,2.1,2.4
KWT,2013,5.6,3.6,2.8
KWT,2014,5.9,3.0,2.5
KWT,2015,5.2,3.2,3.0
KWT,2016,6.3,3.3,2.3
KWT,2017,5.8,3.6,2.4
KWT,2018,7.0,3.3,2.2
KWT,2019,4.6,2.0,1.7
KWT,2020,3.8,1.8,1.9
KWT,2021,4.3,2.4,3.2
KWT,2022,4.6,2.9,3.4
KWT,2023,3.2,2.8,3.5
LAO,1993,53.6,39.8,11.8
LAO,1994,52.9,35.9,12.3
LAO,2000,47.5,35.6,17.5
LAO,2006,47.7,31.6,7.4
LAO,2011,44.2,26.6,5.9
LAO,2015,35.5,25.5,9.7
LAO,2017,33.1,21.1,9.0
LAO,2023,32.8,24.3,10.7
LBN,2004,16.5,4.2,6.6
LBN,2021,7.0,3.4,1.4
LBN,2023,13.9,5.1,1.3
LBR,2000,50.3,25.7,7.9
LBR,2007,43.3,21.3,7.2
LBR,2008,36.1,16.4,4.3
LBR,2010,39.0,16.6,4.0
LBR,2013,33.6,17.4,6.1
LBR,2016,30.1,13.6,4.3
LBR,2019,35.1,12.7,3.4
LBY,1995,24.0,4.9,4.4
LBY,2007,21.0,5.6,6.5
LBY,2014,38.1,11.7,10.2
LBY,2022,7.9,4.3,3.5
LCA,2012,5.7,2.9,5.6
LKA,1987,32.6,31.1,13.4
LKA,1993,30.1,31.8,15.6
LKA,1995,26.1,29.3,15.3
LKA,2000,20.3,25.3,17.3
LKA,2007,18.7,22.8,15.2
LKA,2009,20.8,22.8,12.0
LKA,2012,14.9,27.0,21.9
LKA,2016,17.7,21.2,15.5
LKA,2019,8.4,14.0,9.9
LKA,2020,8.2,13.1,8.6
LKA,2021,7.4,12.2,8.2
LKA,2022-08,13.7,21.9,19.9
LKA,2022-12,9.2,15.3,10.1
LKA,2023,10.3,17.1,10.0
LKA,2024,10.5,17.1,9.3
LSO,1992,39.2,13.8,3.2
LSO,1993,37.5,18.9,22.4
LSO,2004,44.7,16.6,5.6
LSO,2009,39.3,13.4,3.8
LSO,2014,33.4,10.5,2.8
LSO,2018,34.6,10.5,2.1
LSO,2024,35.6,12.5,1.6
LTU,2021,0.7,1.1,4.9
LTU,2022,0.9,,
LTU,2023,1.0,,
LVA,2021,1.2,0.0,0.0
MAR,1987,36.2,13.6,4.8
MAR,1992,35.9,10.9,2.8
MAR,1997,36.0,10.4,5.0
MAR,2003,29.2,13.4,12.3
MAR,2011,20.7,4.1,3.0
MAR,2017,20.4,3.2,2.7
MAR,2019,20.8,4.4,2.6
MDA,2005,16.1,5.2,6.4
MDA,2012,11.0,3.3,1.5
MDG,1992,62.0,36.4,6.7
MDG,1993,54.1,40.9,16.4
MDG,1995,55.2,30.4,9.0
MDG,1997,56.0,35.7,11.2
MDG,2004-02,54.3,38.1,15.3
MDG,2004-07,59.5,30.1,6.7
MDG,2009,50.1,,
MDG,2011,51.1,29.0,5.9
MDG,2012,50.4,34.1,7.9
MDG,2018,42.6,27.2,6.6
MDG,2021,40.6,22.8,7.2
MDV,1994,36.1,32.5,16.1
MDV,1995,33.0,39.0,18.9
MDV,1997,46.7,37.9,22.1
MDV,2001,31.9,25.7,13.4
MDV,2009,19.0,17.7,10.6
MDV,2017,15.3,14.8,9.1
MEX,1988,55.4,18.9,5.7
MEX,1989,26.0,9.6,6.1
MEX,1996,25.8,10.3,8.5
MEX,1998,46.8,12.4,2.5
MEX,2002,32.0,6.8,2.7
MEX,2005,29.4,9.2,5.4
MEX,2006,33.7,6.2,1.6
MEX,2012,25.6,6.0,1.9
MEX,2015,24.7,8.8,0.7
MEX,2016,19.9,6.2,2.6
MEX,2019,17.4,6.2,2.3
MEX,2020,18.6,3.0,0.7
MEX,2021,18.7,5.4,1.8
MEX,2022,12.7,4.2,0.6
MHL,2017,39.8,12.5,4.2
MKD,1999,10.1,1.8,1.3
MKD,2005,11.7,1.7,5.0
MKD,2011,5.8,1.8,2.4
MKD,2019,3.7,1.6,3.2
MLI,1987,30.6,31.5,14.7
MLI,1996,39.1,40.8,27.6
MLI,2001,46.8,33.8,13.7
MLI,2006,41.9,30.7,15.8
MLI,2010,30.8,20.4,9.2
MLI,2011,27.9,20.0,10.4
MLI,2014,28.1,24.1,13.1
MLI,2015-05,29.0,24.1,12.5
MLI,2015-09,33.8,27.3,13.8
MLI,2016,26.4,20.2,10.6
MLI,2017,24.6,17.1,10.5
MLI,2018-07,24.2,18.8,9.8
MLI,2018-09,29.4,20.1,9.3
MLI,2019,26.4,18.5,13.0
MLI,2020,25.4,15.9,7.2
MLI,2021,24.4,19.2,9.8
MLI,2022,21.8,18.5,10.6
MLI,2024,25.1,15.0,5.4
MLT,2022,3.3,0.7,0.4
MMR,1990,,32.5,
MMR,1991,53.6,37.0,12.7
MMR,1994,58.7,31.2,9.2
MMR,1995,,38.7,
MMR,1997,55.4,28.1,9.6
MMR,2000,40.8,30.0,10.7
MMR,2003,42.7,29.2,11.7
MMR,2009,35.1,22.6,7.9
MMR,2016,29.4,18.5,6.6
MMR,2018,26.7,19.5,7.4
MNE,2005,8.3,3.5,7.0
MNE,2013,5.8,0.0,2.5
MNE,2018,8.7,5.1,5.9
MNG,1992,33.1,11.8,2.4
MNG,1999,30.1,10.8,4.3
MNG,2000,29.8,11.6,7.1
MNG,2004,23.5,5.1,0.8
MNG,2005,27.5,5.3,2.7
MNG,2010-08,15.5,4.7,1.8
MNG,2010-10,15.3,3.3,1.6
MNG,2013,10.8,1.6,1.0
MNG,2016,7.3,0.8,1.2
MNG,2018,9.4,1.8,0.9
MNG,2023,8.8,1.9,2.7
MOZ,1995,59.9,23.9,9.6
MOZ,1997,42.6,24.7,9.5
MOZ,2001,50.7,24.5,8.1
MOZ,2003,46.9,21.2,5.4
MOZ,2008,43.5,18.2,4.2
MOZ,2011,42.9,15.6,6.1
MOZ,2015,42.3,15.6,4.4
MOZ,2020,37.5,14.8,3.9
MOZ,2022,36.7,15.4,3.8
MRT,1988,40.2,,19.1
MRT,1996,49.8,20.3,8.7
MRT,2000,38.6,29.7,15.3
MRT,2007,31.5,25.5,13.6
MRT,2008,23.6,16.5,8.1
MRT,2011,29.7,24.4,13.9
MRT,2012,23.2,20.4,11.7
MRT,2015,27.9,24.9,14.8
MRT,2018,22.8,19.2,11.5
MRT,2019,19.4,17.3,11.1
MRT,2020,25.8,16.8,6.4
MRT,2021,17.4,14.8,10.1
MRT,2022,25.1,22.4,13.6
MUS,1985,27.3,21.1,18.3
MUS,1995,13.6,13.0,15.7
MWI,1992,61.6,31.5,9.7
MWI,1995,53.8,26.5,8.5
MWI,1998,62.7,25.2,8.7
MWI,2000,62.1,27.6,8.5
MWI,2002,59.0,22.6,6.5
MWI,2004,57.5,24.4,6.8
MWI,2006,57.6,18.7,4.5
MWI,2009,50.2,13.2,1.9
MWI,2010,56.3,17.5,5.2
MWI,2014,48.7,21.5,4.8
MWI,2015,45.8,14.7,2.7
MWI,2016-01,42.3,18.6,3.3
MWI,2016-05,44.2,15.2,2.5
MWI,2016-12,38.3,14.6,4.1
MWI,2017,39.3,12.3,2.6
MWI,2018,39.0,11.5,1.5
MWI,2019-06,40.9,8.8,0.8
MWI,2019-10,34.8,11.2,3.8
MWI,2020-04,41.8,17.1,3.5
MWI,2020-12,34.9,11.6,2.1
MYS,1990,,22.1,
MYS,1991,,23.1,
MYS,1992,,22.6,
MYS,1993,,20.5,
MYS,1994,,19.7,
MYS,1995,,17.7,
MYS,1999,20.7,16.7,15.3
MYS,2006,17.5,12.7,13.2
MYS,2015,17.8,12.5,8.1
MYS,2016,20.8,13.7,11.6
MYS,2019,25.5,14.8,9.7
MYS,2022,21.2,15.3,11.0
NAM,1992,44.5,30.3,10.5
NAM,2000,38.0,29.6,13.2
NAM,2007,37.2,22.0,8.2
NAM,2013,30.2,18.2,8.7
NER,1985,43.8,45.0,25.3
NER,1992,45.3,38.7,18.8
NER,1998,46.5,46.6,22.7
NER,2000,53.5,43.1,16.2
NER,2006-03,54.8,39.9,12.5
NER,2006-11,51.0,35.6,11.6
NER,2007,49.2,37.9,12.5
NER,2008,43.8,34.6,13.8
NER,2009,45.5,33.5,12.5
NER,2010-06,47.8,40.3,16.2
NER,2010-10,47.4,40.0,15.8
NER,2011,50.9,36.2,12.4
NER,2012-04,43.5,38.0,18.2
NER,2012-07,39.9,32.1,13.4
NER,2013,42.5,33.1,12.4
NER,2014,42.2,34.6,14.2
NER,2015,46.4,35.8,13.6
NER,2016,41.3,32.0,10.4
NER,2018,48.5,37.5,14.1
NER,2019,47.1,31.3,9.8
NER,2020,45.3,33.4,12.0
NER,2021,44.4,33.2,11.5
NER,2022,47.7,34.6,10.9
NGA,1990,51.3,36.1,12.4
NGA,1993,43.8,35.1,20.6
NGA,2003,47.5,29.5,11.8
NGA,2011,41.3,27.5,10.5
NGA,2014,33.6,20.6,7.9
NGA,2015,33.0,19.5,7.3
NGA,2016,49.3,35.3,10.9
NGA,2018-04,33.1,19.7,6.8
NGA,2018-10,44.8,27.0,7.9
NGA,2020,31.5,18.4,6.5
NGA,2021,33.8,24.4,11.6
NLD,1996,1.3,1.1,1.2
NLD,2009,1.5,1.0,1.0
NPL,1995,68.2,42.6,6.0
NPL,1996,55.6,42.8,13.3
NPL,1998,61.1,36.5,7.8
NPL,2001,56.1,42.8,11.3
NPL,2006,49.1,38.6,12.7
NPL,2010,41.5,31.1,13.7
NPL,2011,40.1,28.9,11.2
NPL,2014,37.1,29.7,11.3
NPL,2016-05,37.2,28.5,11.7
NPL,2016-10,35.8,27.0,9.7
NPL,2019,31.5,24.4,12.0
NPL,2022,24.8,18.3,7.0
NRU,2007,52.2,6.7,0.0
NRU,2023,19.0,7.8,1.5
OMN,1991,24.2,18.6,7.8
OMN,1994,21.4,14.2,10.3
OMN,1999,15.8,13.0,7.8
OMN,2009,9.8,8.6,7.1
OMN,2014,14.1,9.7,7.5
OMN,2017,11.4,11.2,9.3
PAK,1986,62.5,44.4,24.0
PAK,1991,53.9,38.4,12.5
PAK,1992,42.7,35.3,17.2
PAK,1995,,34.2,
PAK,2001,41.4,31.2,14.1
PAK,2011,43.6,31.4,14.9
PAK,2013,45.0,31.8,10.5
PAK,2018,37.6,23.1,7.1
PAN,1997,16.5,4.7,1.5
PAN,2003,31.8,7.7,1.8
PAN,2008,16.8,3.1,0.9
PAN,2019,12.4,2.4,1.2
PER,1991,60.1,16.2,2.3
PER,1996,52.4,12.6,2.7
PER,1997,37.7,4.3,1.1
PER,1998,30.0,6.7,0.0
PER,1999,34.7,6.0,0.8
PER,2000-09,54.7,11.1,2.1
PER,2000-12,32.6,7.3,1.3
PER,2001,26.8,3.5,1.4
PER,2005,54.8,12.0,1.9
PER,2007,55.4,8.8,0.9
PER,2009,46.1,9.3,0.7
PER,2010-07,44.6,9.5,0.9
PER,2010-08,40.5,12.7,2.2
PER,2011,44.6,10.0,0.8
PER,2012-01,38.2,12.7,1.3
PER,2012-07,38.7,7.2,0.6
PER,2013,37.9,7.7,0.3
PER,2014,35.3,7.8,0.7
PER,2015-06,33.4,7.5,0.8
PER,2015-07,13.5,2.7,0.0
PER,2016-04,25.2,7.0,0.9
PER,2016-07,31.6,7.2,1.0
PER,2017,30.2,7.8,0.9
PER,2018,29.6,6.1,0.4
PER,2019-06,28.8,5.9,0.7
PER,2019-09,13.1,3.3,1.0
PER,2020,30.5,4.8,0.4
PER,2021,28.6,4.7,0.6
PER,2022,27.7,5.1,0.4
PER,2023,23.2,5.2,0.6
PHL,1987,44.7,29.3,5.7
PHL,1990,43.3,29.9,6.9
PHL,1992,40.9,29.8,8.8
PHL,1993,38.9,26.3,9.1
PHL,1998,38.3,28.3,8.0
PHL,2003,33.4,20.8,5.8
PHL,2008,32.0,20.6,6.6
PHL,2011,33.4,20.2,7.0
PHL,2013,30.0,19.9,7.6
PHL,2015,33.1,21.4,6.8
PHL,2018,29.9,19.0,5.5
PHL,2019,28.7,18.9,5.7
PHL,2021,26.7,16.7,5.4
PNG,1983,46.0,22.8,5.5
PNG,2005,43.9,17.3,4.3
PNG,2010,49.5,27.8,14.1
POL,2009,2.9,,
POL,2011,0.8,0.9,1.0
POL,2014,2.6,,
POL,2019,1.0,0.7,0.8
PRK,1998,63.9,55.5,20.8
PRK,2000,51.0,24.7,12.2
PRK,2002,44.7,17.7,8.7
PRK,2004,43.1,20.6,8.5
PRK,2009,32.4,18.8,5.2
PRK,2012,27.9,15.2,4.0
PRK,2017,19.1,9.3,2.5
PRT,2016,3.2,0.9,1.1
PRY,1990,28.5,3.9,0.6
PRY,1998,,,1.4
PRY,2005,28.0,7.6,1.7
PRY,2012,9.9,3.7,2.5
PRY,2016,12.6,2.1,0.7
PSE,1996,7.8,2.5,3.0
PSE,2000,10.7,2.2,2.0
PSE,2002,11.4,2.4,2.4
PSE,2004,10.5,3.3,3.2
PSE,2006,13.6,2.6,1.8
PSE,2010,10.9,3.7,3.3
PSE,2014,7.4,1.4,1.2
PSE,2020,8.7,2.1,1.3
QAT,1995,11.6,4.8,2.1
QAT,2021,5.4,2.0,1.2
QAT,2022,6.3,2.1,1.3
QAT,2023,6.2,2.3,1.6
ROU,1991,11.2,5.0,3.3
ROU,1999,15.3,3.4,3.6
ROU,2000,12.8,3.7,4.3
ROU,2001,14.0,3.8,3.9
ROU,2002,12.8,3.5,3.5
RUS,1995,,,4.3
RUS,1996,,,2.7
RUS,1998,,,0.0
RUS,2000,,,4.1
RUS,2001,,,6.8
RUS,2002,,,6.9
RUS,2003,,,0.9
RUS,2004,,,2.2
RUS,2005,,,4.7
RWA,1992,62.7,28.8,5.5
RWA,1996,45.4,22.6,11.0
RWA,2000,50.6,21.7,8.6
RWA,2005,61.0,24.4,5.4
RWA,2009,46.6,14.3,5.1
RWA,2010,54.7,16.6,3.8
RWA,2012,55.1,18.4,3.4
RWA,2015-01,48.9,13.3,2.3
RWA,2015-04,48.1,14.1,2.7
RWA,2018,51.9,22.1,3.1
RWA,2020,48.6,12.5,1.4
SAU,1994,21.4,13.5,2.9
SAU,2004,9.3,5.3,11.8
SAU,2015,13.7,5.7,4.3
SAU,2016,17.1,4.6,3.4
SAU,2017,17.2,6.2,4.6
SAU,2018,11.6,3.3,3.9
SAU,2019,13.2,4.0,4.5
SAU,2020,10.8,3.5,3.9
SDN,2006,42.1,30.8,15.6
SDN,2010,37.8,33.0,16.2
SDN,2014,42.9,37.1,17.4
SEN,1986,31.5,19.9,6.6
SEN,1991,34.4,20.4,9.0
SEN,1993,35.9,23.8,10.8
SEN,1996,28.2,18.5,8.0
SEN,2000,29.4,20.9,11.1
SEN,2005,24.4,18.2,9.9
SEN,2011,31.6,22.3,10.1
SEN,2012,15.5,14.4,8.7
SEN,2013-02,21.6,19.0,9.9
SEN,2013-06,16.5,14.8,9.0
SEN,2014-06,23.2,15.8,6.8
SEN,2014-07,14.2,12.8,8.0
SEN,2015-06,24.1,18.9,8.5
SEN,2015-10,17.5,14.0,8.9
SEN,2016,20.2,16.3,8.3
SEN,2017,20.2,17.4,10.0
SEN,2018,22.5,17.4,8.6
SEN,2019-02,18.8,13.3,8.1
SEN,2019-08,21.4,17.2,9.0
SEN,2023,20.9,19.9,12.2
SGP,2000,4.5,3.3,3.6
SLB,1989,33.7,16.3,7.4
SLB,2007,32.8,11.8,4.3
SLB,2015,31.7,16.2,8.5
SLE,1989,41.4,23.7,8.4
SLE,1990,40.9,25.4,10.2
SLE,2000,35.5,23.4,11.6
SLE,2005,45.0,27.2,10.2
SLE,2010,32.7,18.5,7.5
SLE,2014,29.1,13.0,4.6
SLE,2017-07,31.0,15.6,6.8
SLE,2017-09,29.3,11.9,5.1
SLE,2019,29.5,13.5,5.4
SLE,2021,26.3,12.0,6.3
SLV,1988,30.8,9.7,1.8
SLV,1993,25.3,5.5,0.6
SLV,1998,23.2,7.2,1.0
SLV,2003,16.5,3.9,1.4
SLV,2008,15.1,4.4,1.5
SLV,2014,11.4,4.9,2.2
SLV,2021,10.0,5.0,2.9
SOM,1999,29.2,22.8,19.3
SOM,2006,42.0,32.8,13.3
SOM,2009,25.3,22.5,14.3
SRB,2005,12.1,4.4,3.8
SRB,2010,10.9,3.5,5.9
SRB,2014,8.0,3.3,0.7
SRB,2019,7.5,0.8,0.4
SSD,2006,35.8,33.3,25.7
SSD,2010,32.0,29.4,24.2
STP,1986,32.0,14.5,6.0
STP,2014,17.2,8.8,4.0
STP,2019,11.7,5.4,4.1
SUR,2000,13.4,8.4,6.1
SUR,2006,17.0,8.3,3.6
SUR,2010,9.0,6.1,4.0
SUR,2018,7.2,4.7,3.8
SWZ,2000,45.9,13.4,2.2
SWZ,2006,38.5,7.9,3.1
SWZ,2008,41.5,7.8,1.1
SWZ,2010,41.6,8.4,0.5
SWZ,2014,30.4,8.1,2.1
SWZ,2021,26.1,6.0,1.3
SYC,1988,7.7,5.0,2.7
SYC,2012,7.9,3.8,4.3
SYR,1993,34.7,11.7,9.1
SYR,1995,26.5,11.3,10.4
SYR,2000,24.3,6.0,4.9
SYR,2001,34.2,11.8,8.6
SYR,2006,29.1,10.0,10.6
SYR,2010,28.0,11.0,11.4
TCA,2020,15.1,1.2,0.0
TCD,1997,50.3,44.0,22.8
TCD,2000,40.3,34.4,17.5
TCD,2004,46.4,35.6,16.2
TCD,2010,38.2,30.4,17.0
TCD,2015-01,41.1,28.8,11.6
TCD,2015-10,31.9,25.0,12.5
TCD,2017,32.1,24.3,13.5
TCD,2018,31.9,24.7,13.6
TCD,2019-07,37.8,29.2,13.9
TCD,2019-08,42.6,34.7,15.9
TCD,2020,30.5,18.9,9.5
TCD,2021,31.1,21.4,10.2
TCD,2022,31.9,18.2,7.8
TGO,1988,37.8,22.2,7.1
TGO,1996,40.2,16.7,
TGO,1998,31.4,24.6,15.5
TGO,2006,35.0,,
TGO,2008,26.9,20.5,6.0
TGO,2009,27.0,16.6,6.1
TGO,2010-10,35.4,19.5,5.0
TGO,2010-12,27.0,15.1,4.7
TGO,2012,26.2,16.5,5.5
TGO,2014,33.3,18.8,6.8
TGO,2017,29.7,18.1,5.8
THA,1987,27.9,19.1,6.4
THA,1993,21.1,16.3,7.3
THA,1995,18.1,15.4,6.7
THA,2006,17.3,7.9,4.8
THA,2012,18.2,10.3,6.6
THA,2016,11.0,7.8,6.0
THA,2019,13.1,8.3,8.2
THA,2022,12.6,6.8,6.6
TJK,1999,41.5,,11.4
TJK,2000,42.1,,9.4
TJK,2001,43.2,,19.4
TJK,2002,37.1,,6.1
TJK,2003,42.4,,5.9
TJK,2005,33.1,20.9,8.7
TJK,2007,39.3,18.3,6.9
TJK,2009,28.8,8.4,4.2
TJK,2012,26.9,17.6,9.9
TJK,2016,19.6,6.4,3.5
TJK,2017,17.5,8.4,5.6
TJK,2023,13.7,5.2,6.4
TKM,2000,29.1,11.3,7.9
TKM,2006,19.8,9.8,6.8
TKM,2015,11.1,2.7,4.3
TKM,2019,8.0,3.8,4.1
TKM,2006,21.5,8.5,5.8
TKM,2015,15.8,4.2,5.1
TKM,2019,8.9,4.6,2.9
TLS,2002,58.1,42.9,14.5
TLS,2003,54.8,41.5,14.3
TLS,2007,54.1,45.9,20.8
TLS,2009,59.8,47.5,20.0
TLS,2013,55.6,39.0,9.3
TLS,2014,49.2,32.4,12.2
TLS,2020,52.8,33.4,7.6
TON,1986,2.2,,1.3
TON,2012,8.1,1.5,5.2
TON,2019,2.2,0.7,1.1
TTO,2000,9.2,6.2,4.5
TTO,2011,8.8,6.4,6.9
TTO,1987,5.7,6.2,4.2
TTO,2000,3.8,3.8,5.8
TTO,2011,10.7,6.8,9.4
TUN,1988,27.1,10.5,4.5
TUN,1997,11.9,3.3,7.2
TUN,2000,16.8,3.5,2.9
TUN,2006,12.7,4.5,3.7
TUN,2012,13.6,2.4,2.4
TUN,2018,9.8,1.6,2.1
TUR,1993,38.3,17.6,6.8
TUR,1995,,9.0,
TUR,1998,32.5,15.0,4.2
TUR,2004,22.7,5.4,1.3
TUR,2008,27.0,5.1,1.6
TUR,2013,18.9,4.5,1.9
TUR,2018,9.9,1.0,1.2
TUV,2007,7.6,0.7,4.0
TUV,2019,7.9,4.3,1.7
TZA,1991,51.2,25.6,8.1
TZA,1996,52.1,29.2,8.6
TZA,1999,52.6,27.4,5.5
TZA,2004,47.1,17.8,3.6
TZA,2009,45.7,17.7,3.1
TZA,2010,44.6,17.1,4.9
TZA,2011,37.5,15.0,6.3
TZA,2013,39.5,13.8,4.4
TZA,2014,34.7,13.4,3.8
TZA,2015,37.8,15.2,4.7
TZA,2018,31.8,14.6,3.5
TZA,2021,34.9,11.5,3.6
TZA,2022,33.4,12.0,3.2
UGA,1988,49.5,20.6,3.3
UGA,1995,47.4,22.7,6.9
UGA,2000,46.3,20.2,5.2
UGA,2006,39.7,16.9,6.2
UGA,2009,40.9,17.3,5.1
UGA,2011-05,40.6,13.8,3.8
UGA,2011-09,35.6,15.2,4.7
UGA,2012,36.3,12.7,4.8
UGA,2014,35.8,12.0,4.0
UGA,2015,32.9,10.0,6.1
UGA,2016,30.2,11.0,3.6
UGA,2018,26.8,8.5,2.5
UGA,2020,28.2,8.4,3.3
UGA,2022,24.4,9.7,3.2
UKR,2000,28.7,5.4,8.2
UNICEF_EAP,1990,,,5.5
UNICEF_EAP,1991,,,5.4
UNICEF_EAP,1992,,,5.4
UNICEF_EAP,1993,,,5.3
UNICEF_EAP,1994,,,5.2
UNICEF_EAP,1995,,,5.2
UNICEF_EAP,1996,,,5.2
UNICEF_EAP,1997,,,5.1
UNICEF_EAP,1998,,,5.0
UNICEF_EAP,1999,,,5.0
UNICEF_EAP,2000,,,4.9
UNICEF_EAP,2001,,,4.8
UNICEF_EAP,2002,,,4.7
UNICEF_EAP,2003,,,4.7
UNICEF_EAP,2004,,,4.6
UNICEF_EAP,2005,,,4.5
UNICEF_EAP,2006,,,4.4
UNICEF_EAP,2007,,,4.3
UNICEF_EAP,2008,,,4.2
UNICEF_EAP,2009,,,4.2
UNICEF_EAP,2010,,,4.1
UNICEF_EAP,2011,,,4.0
UNICEF_EAP,2012,,,3.9
UNICEF_EAP,2013,,,3.8
UNICEF_EAP,2014,,,3.8
UNICEF_EAP,2015,,,3.7
UNICEF_EAP,2016,,,3.6
UNICEF_EAP,2017,,,3.6
UNICEF_EAP,2018,,,3.5
UNICEF_EAP,2019,,,3.5
UNICEF_EAP,2020,,,3.4
UNICEF_EAP,2021,,,3.4
UNICEF_EAP,2022,,,3.5
UNICEF_EAP,2023,,,3.5
UNICEF_EAP,2024,,,3.5
UNICEF_ECA,1990,,,3.6
UNICEF_ECA,1991,,,3.5
UNICEF_ECA,1992,,,3.4
UNICEF_ECA,1993,,,3.2
UNICEF_ECA,1994,,,3.1
UNICEF_ECA,1995,,,3.0
UNICEF_ECA,1996,,,2.8
UNICEF_ECA,1997,,,2.7
UNICEF_ECA,1998,,,2.6
UNICEF_ECA,1999,,,2.5
UNICEF_ECA,2000,,,2.4
UNICEF_ECA,2001,,,2.3
UNICEF_ECA,2002,,,2.2
UNICEF_ECA,2003,,,2.1
UNICEF_ECA,2004,,,2.0
UNICEF_ECA,2005,,,2.0
UNICEF_ECA,2006,,,1.9
UNICEF_ECA,2007,,,1.8
UNICEF_ECA,2008,,,1.8
UNICEF_ECA,2009,,,1.7
UNICEF_ECA,2010,,,1.7
UNICEF_ECA,2011,,,1.6
UNICEF_ECA,2012,,,1.5
UNICEF_ECA,2013,,,1.5
UNICEF_ECA,2014,,,1.5
UNICEF_ECA,2015,,,1.4
UNICEF_ECA,2016,,,1.4
UNICEF_ECA,2017,,,1.3
UNICEF_ECA,2018,,,1.3
UNICEF_ECA,2019,,,1.2
UNICEF_ECA,2020,,,1.2
UNICEF_ECA,2021,,,1.1
UNICEF_ECA,2022,,,1.1
UNICEF_ECA,2023,,,1.1
UNICEF_ECA,2024,,,1.0
UNICEF_EECA,1990,,,6.1
UNICEF_EECA,1991,,,5.9
UNICEF_EECA,1992,,,5.7
UNICEF_EECA,1993,,,5.5
UNICEF_EECA,1994,,,5.3
UNICEF_EECA,1995,,,5.1
UNICEF_EECA,1996,,,4.9
UNICEF_EECA,1997,,,4.7
UNICEF_EECA,1998,,,4.5
UNICEF_EECA,1999,,,4.4
UNICEF_EECA,2000,,,4.2
UNICEF_EECA,2001,,,4.0
UNICEF_EECA,2002,,,3.9
UNICEF_EECA,2003,,,3.7
UNICEF_EECA,2004,,,3.6
UNICEF_EECA,2005,,,3.5
UNICEF_EECA,2006,,,3.3
UNICEF_EECA,2007,,,3.2
UNICEF_EECA,2008,,,3.1
UNICEF_EECA,2009,,,3.0
UNICEF_EECA,2010,,,2.8
UNICEF_EECA,2011,,,2.7
UNICEF_EECA,2012,,,2.6
UNICEF_EECA,2013,,,2.5
UNICEF_EECA,2014,,,2.4
UNICEF_EECA,2015,,,2.3
UNICEF_EECA,2016,,,2.3
UNICEF_EECA,2017,,,2.2
UNICEF_EECA,2018,,,2.1
UNICEF_EECA,2019,,,2.0
UNICEF_EECA,2020,,,1.9
UNICEF_EECA,2021,,,1.9
UNICEF_EECA,2022,,,1.8
UNICEF_EECA,2023,,,1.7
UNICEF_EECA,2024,,,1.6
UNICEF_ESA,1990,,,9.2
UNICEF_ESA,1991,,,9.1
UNICEF_ESA,1992,,,8.9
UNICEF_ESA,1993,,,8.7
UNICEF_ESA,1994,,,8.6
UNICEF_ESA,1995,,,8.4
UNICEF_ESA,1996,,,8.3
UNICEF_ESA,1997,,,8.1
UNICEF_ESA,1998,,,8.0
UNICEF_ESA,1999,,,7.8
UNICEF_ESA,2000,,,7.7
UNICEF_ESA,2001,,,7.5
UNICEF_ESA,2002,,,7.4
UNICEF_ESA,2003,,,7.3
UNICEF_ESA,2004,,,7.1
UNICEF_ESA,2005,,,7.0
UNICEF_ESA,2006,,,6.9
UNICEF_ESA,2007,,,6.7
UNICEF_ESA,2008,,,6.6
UNICEF_ESA,2009,,,6.5
UNICEF_ESA,2010,,,6.4
UNICEF_ESA,2011,,,6.3
UNICEF_ESA,2012,,,6.1
UNICEF_ESA,2013,,,6.0
UNICEF_ESA,2014,,,5.9
UNICEF_ESA,2015,,,5.8
UNICEF_ESA,2016,,,5.7
UNICEF_ESA,2017,,,5.6
UNICEF_ESA,2018,,,5.5
UNICEF_ESA,2019,,,5.4
UNICEF_ESA,2020,,,5.3
UNICEF_ESA,2021,,,5.2
UNICEF_ESA,2022,,,5.1
UNICEF_ESA,2023,,,5.0
UNICEF_ESA,2024,,,4.9
UNICEF_LAC,1990,,,2.5
UNICEF_LAC,1991,,,2.4
UNICEF_LAC,1992,,,2.4
UNICEF_LAC,1993,,,2.3
UNICEF_LAC,1994,,,2.3
UNICEF_LAC,1995,,,2.2
UNICEF_LAC,1996,,,2.2
UNICEF_LAC,1997,,,2.2
UNICEF_LAC,1998,,,2.1
UNICEF_LAC,1999,,,2.1
UNICEF_LAC,2000,,,2.0
UNICEF_LAC,2001,,,2.0
UNICEF_LAC,2002,,,2.0
UNICEF_LAC,2003,,,1.9
UNICEF_LAC,2004,,,1.9
UNICEF_LAC,2005,,,1.8
UNICEF_LAC,2006,,,1.8
UNICEF_LAC,2007,,,1.8
UNICEF_LAC,2008,,,1.7
UNICEF_LAC,2009,,,1.7
UNICEF_LAC,2010,,,1.7
UNICEF_LAC,2011,,,1.6
UNICEF_LAC,2012,,,1.6
UNICEF_LAC,2013,,,1.6
UNICEF_LAC,2014,,,1.6
UNICEF_LAC,2015,,,1.5
UNICEF_LAC,2016,,,1.5
UNICEF_LAC,2017,,,1.5
UNICEF_LAC,2018,,,1.4
UNICEF_LAC,2019,,,1.4
UNICEF_LAC,2020,,,1.4
UNICEF_LAC,2021,,,1.4
UNICEF_LAC,2022,,,1.3
UNICEF_LAC,2023,,,1.3
UNICEF_LAC,2024,,,1.3
UNICEF_MENA,1990,,,5.9
UNICEF_MENA,1991,,,5.9
UNICEF_MENA,1992,,,5.8
UNICEF_MENA,1993,,,5.8
UNICEF_MENA,1994,,,5.8
UNICEF_MENA,1995,,,5.8
UNICEF_MENA,1996,,,5.7
UNICEF_MENA,1997,,,5.7
UNICEF_MENA,1998,,,5.7
UNICEF_MENA,1999,,,5.7
UNICEF_MENA,2000,,,5.6
UNICEF_MENA,2001,,,5.6
UNICEF_MENA,2002,,,5.6
UNICEF_MENA,2003,,,5.6
UNICEF_MENA,2004,,,5.5
UNICEF_MENA,2005,,,5.5
UNICEF_MENA,2006,,,5.5
UNICEF_MENA,2007,,,5.5
UNICEF_MENA,2008,,,5.4
UNICEF_MENA,2009,,,5.4
UNICEF_MENA,2010,,,5.4
UNICEF_MENA,2011,,,5.4
UNICEF_MENA,2012,,,5.3
UNICEF_MENA,2013,,,5.3
UNICEF_MENA,2014,,,5.3
UNICEF_MENA,2015,,,5.3
UNICEF_MENA,2016,,,5.2
UNICEF_MENA,2017,,,5.2
UNICEF_MENA,2018,,,5.2
UNICEF_MENA,2019,,,5.2
UNICEF_MENA,2020,,,5.1
UNICEF_MENA,2021,,,5.1
UNICEF_MENA,2022,,,5.1
UNICEF_MENA,2023,,,5.1
UNICEF_MENA,2024,,,5.0
UNICEF_NA,1990,,,0.7
UNICEF_NA,1991,,,0.7
UNICEF_NA,1992,,,0.7
UNICEF_NA,1993,,,0.6
UNICEF_NA,1994,,,0.6
UNICEF_NA,1995,,,0.6
UNICEF_NA,1996,,,0.6
UNICEF_NA,1997,,,0.6
UNICEF_NA,1998,,,0.6
UNICEF_NA,1999,,,0.6
UNICEF_NA,2000,,,0.5
UNICEF_NA,2001,,,0.5
UNICEF_NA,2002,,,0.5
UNICEF_NA,2003,,,0.5
UNICEF_NA,2004,,,0.5
UNICEF_NA,2005,,,0.5
UNICEF_NA,2006,,,0.4
UNICEF_NA,2007,,,0.4
UNICEF_NA,2008,,,0.4
UNICEF_NA,2009,,,0.4
UNICEF_NA,2010,,,0.4
UNICEF_NA,2011,,,0.4
UNICEF_NA,2012,,,0.3
UNICEF_NA,2013,,,0.3
UNICEF_NA,2014,,,0.3
UNICEF_NA,2015,,,0.3
UNICEF_NA,2016,,,0.3
UNICEF_NA,2017,,,0.3
UNICEF_NA,2018,,,0.3
UNICEF_NA,2019,,,0.2
UNICEF_NA,2020,,,0.2
UNICEF_NA,2021,,,0.2
UNICEF_NA,2022,,,0.2
UNICEF_NA,2023,,,0.2
UNICEF_NA,2024,,,0.2
UNICEF_SA,1990,,,18.8
UNICEF_SA,1991,,,18.7
UNICEF_SA,1992,,,18.5
UNICEF_SA,1993,,,18.4
UNICEF_SA,1994,,,18.2
UNICEF_SA,1995,,,18.1
UNICEF_SA,1996,,,17.9
UNICEF_SA,1997,,,17.8
UNICEF_SA,1998,,,17.6
UNICEF_SA,1999,,,17.5
UNICEF_SA,2000,,,17.3
UNICEF_SA,2001,,,17.2
UNICEF_SA,2002,,,17.0
UNICEF_SA,2003,,,16.9
UNICEF_SA,2004,,,16.8
UNICEF_SA,2005,,,16.6
UNICEF_SA,2006,,,16.5
UNICEF_SA,2007,,,16.3
UNICEF_SA,2008,,,16.2
UNICEF_SA,2009,,,16.1
UNICEF_SA,2010,,,15.9
UNICEF_SA,2011,,,15.8
UNICEF_SA,2012,,,15.7
UNICEF_SA,2013,,,15.5
UNICEF_SA,2014,,,15.4
UNICEF_SA,2015,,,15.3
UNICEF_SA,2016,,,15.1
UNICEF_SA,2017,,,15.0
UNICEF_SA,2018,,,14.9
UNICEF_SA,2019,,,14.7
UNICEF_SA,2020,,,14.6
UNICEF_SA,2021,,,14.5
UNICEF_SA,2022,,,14.4
UNICEF_SA,2023,,,14.2
UNICEF_SA,2024,,,14.1
UNICEF_SSA,1990,,,11.3
UNICEF_SSA,1991,,,11.1
UNICEF_SSA,1992,,,10.9
UNICEF_SSA,1993,,,10.7
UNICEF_SSA,1994,,,10.5
UNICEF_SSA,1995,,,10.3
UNICEF_SSA,1996,,,10.1
UNICEF_SSA,1997,,,9.9
UNICEF_SSA,1998,,,9.8
UNICEF_SSA,1999,,,9.6
UNICEF_SSA,2000,,,9.4
UNICEF_SSA,2001,,,9.2
UNICEF_SSA,2002,,,9.1
UNICEF_SSA,2003,,,8.9
UNICEF_SSA,2004,,,8.7
UNICEF_SSA,2005,,,8.6
UNICEF_SSA,2006,,,8.4
UNICEF_SSA,2007,,,8.2
UNICEF_SSA,2008,,,8.1
UNICEF_SSA,2009,,,7.9
UNICEF_SSA,2010,,,7.8
UNICEF_SSA,2011,,,7.6
UNICEF_SSA,2012,,,7.5
UNICEF_SSA,2013,,,7.4
UNICEF_SSA,2014,,,7.2
UNICEF_SSA,2015,,,7.1
UNICEF_SSA,2016,,,7.0
UNICEF_SSA,2017,,,6.8
UNICEF_SSA,2018,,,6.7
UNICEF_SSA,2019,,,6.5
UNICEF_SSA,2020,,,6.4
UNICEF_SSA,2021,,,6.3
UNICEF_SSA,2022,,,6.2
UNICEF_SSA,2023,,,6.0
UNICEF_SSA,2024,,,5.9
UNICEF_WCA,1990,,,13.7
UNICEF_WCA,1991,,,13.4
UNICEF_WCA,1992,,,13.1
UNICEF_WCA,1993,,,12.9
UNICEF_WCA,1994,,,12.6
UNICEF_WCA,1995,,,12.4
UNICEF_WCA,1996,,,12.1
UNICEF_WCA,1997,,,11.9
UNICEF_WCA,1998,,,11.7
UNICEF_WCA,1999,,,11.5
UNICEF_WCA,2000,,,11.2
UNICEF_WCA,2001,,,11.0
UNICEF_WCA,2002,,,10.8
UNICEF_WCA,2003,,,10.6
UNICEF_WCA,2004,,,10.4
UNICEF_WCA,2005,,,10.2
UNICEF_WCA,2006,,,10.0
UNICEF_WCA,2007,,,9.8
UNICEF_WCA,2008,,,9.6
UNICEF_WCA,2009,,,9.4
UNICEF_WCA,2010,,,9.2
UNICEF_WCA,2011,,,9.0
UNICEF_WCA,2012,,,8.8
UNICEF_WCA,2013,,,8.6
UNICEF_WCA,2014,,,8.5
UNICEF_WCA,2015,,,8.3
UNICEF_WCA,2016,,,8.1
UNICEF_WCA,2017,,,8.0
UNICEF_WCA,2018,,,7.8
UNICEF_WCA,2019,,,7.6
UNICEF_WCA,2020,,,7.5
UNICEF_WCA,2021,,,7.3
UNICEF_WCA,2022,,,7.2
UNICEF_WCA,2023,,,7.0
UNICEF_WCA,2024,,,6.9
UNICEF_WE,1990,,,1.4
UNICEF_WE,1991,,,1.3
UNICEF_WE,1992,,,1.3
UNICEF_WE,1993,,,1.2
UNICEF_WE,1994,,,1.2
UNICEF_WE,1995,,,1.2
UNICEF_WE,1996,,,1.1
UNICEF_WE,1997,,,1.1
UNICEF_WE,1998,,,1.1
UNICEF_WE,1999,,,1.0
UNICEF_WE,2000,,,1.0
UNICEF_WE,2001,,,1.0
UNICEF_WE,2002,,,0.9
UNICEF_WE,2003,,,0.9
UNICEF_WE,2004,,,0.9
UNICEF_WE,2005,,,0.8
UNICEF_WE,2006,,,0.8
UNICEF_WE,2007,,,0.8
UNICEF_WE,2008,,,0.8
UNICEF_WE,2009,,,0.7
UNICEF_WE,2010,,,0.7
UNICEF_WE,2011,,,0.7
UNICEF_WE,2012,,,0.7
UNICEF_WE,2013,,,0.7
UNICEF_WE,2014,,,0.6
UNICEF_WE,2015,,,0.6
UNICEF_WE,2016,,,0.6
UNICEF_WE,2017,,,0.6
UNICEF_WE,2018,,,0.6
UNICEF_WE,2019,,,0.5
UNICEF_WE,2020,,,0.5
UNICEF_WE,2021,,,0.5
UNICEF_WE,2022,,,0.5
UNICEF_WE,2023,,,0.5
UNICEF_WE,2024,,,0.5
UNSDG_AUSTRALIANEWZEALAND,1990,,,0.0
UNSDG_AUSTRALIANEWZEALAND,1991,,,0.0
UNSDG_AUSTRALIANEWZEALAND,1992,,,0.0
UNSDG_AUSTRALIANEWZEALAND,1993,,,0.0
UNSDG_AUSTRALIANEWZEALAND,1994,,,0.0
UNSDG_AUSTRALIANEWZEALAND,1995,,,0.0
UNSDG_AUSTRALIANEWZEALAND,1996,,,0.0
UNSDG_AUSTRALIANEWZEALAND,1997,,,0.0
UNSDG_AUSTRALIANEWZEALAND,1998,,,0.1
UNSDG_AUSTRALIANEWZEALAND,1999,,,0.1
UNSDG_AUSTRALIANEWZEALAND,2000,,,0.1
UNSDG_AUSTRALIANEWZEALAND,2001,,,0.1
UNSDG_AUSTRALIANEWZEALAND,2002,,,0.1
UNSDG_AUSTRALIANEWZEALAND,2003,,,0.1
UNSDG_AUSTRALIANEWZEALAND,2004,,,0.2
UNSDG_AUSTRALIANEWZEALAND,2005,,,0.2
UNSDG_AUSTRALIANEWZEALAND,2006,,,0.2
UNSDG_AUSTRALIANEWZEALAND,2007,,,0.2
UNSDG_AUSTRALIANEWZEALAND,2008,,,0.2
UNSDG_AUSTRALIANEWZEALAND,2009,,,0.2
UNSDG_AUSTRALIANEWZEALAND,2010,,,0.2
UNSDG_AUSTRALIANEWZEALAND,2011,,,0.3
UNSDG_AUSTRALIANEWZEALAND,2012,,,0.3
UNSDG_AUSTRALIANEWZEALAND,2013,,,0.3
UNSDG_AUSTRALIANEWZEALAND,2014,,,0.3
UNSDG_AUSTRALIANEWZEALAND,2015,,,0.3
UNSDG_AUSTRALIANEWZEALAND,2016,,,0.3
UNSDG_AUSTRALIANEWZEALAND,2017,,,0.4
UNSDG_AUSTRALIANEWZEALAND,2018,,,0.4
UNSDG_AUSTRALIANEWZEALAND,2019,,,0.4
UNSDG_AUSTRALIANEWZEALAND,2020,,,0.4
UNSDG_AUSTRALIANEWZEALAND,2021,,,0.4
UNSDG_AUSTRALIANEWZEALAND,2022,,,0.4
UNSDG_AUSTRALIANEWZEALAND,2023,,,0.5
UNSDG_AUSTRALIANEWZEALAND,2024,,,0.5
UNSDG_CARIBBEAN,1990,,,3.6
UNSDG_CARIBBEAN,1991,,,3.6
UNSDG_CARIBBEAN,1992,,,3.6
UNSDG_CARIBBEAN,1993,,,3.6
UNSDG_CARIBBEAN,1994,,,3.5
UNSDG_CARIBBEAN,1995,,,3.5
UNSDG_CARIBBEAN,1996,,,3.5
UNSDG_CARIBBEAN,1997,,,3.5
UNSDG_CARIBBEAN,1998,,,3.4
UNSDG_CARIBBEAN,1999,,,3.4
UNSDG_CARIBBEAN,2000,,,3.4
UNSDG_CARIBBEAN,2001,,,3.4
UNSDG_CARIBBEAN,2002,,,3.3
UNSDG_CARIBBEAN,2003,,,3.3
UNSDG_CARIBBEAN,2004,,,3.3
UNSDG_CARIBBEAN,2005,,,3.3
UNSDG_CARIBBEAN,2006,,,3.3
UNSDG_CARIBBEAN,2007,,,3.2
UNSDG_CARIBBEAN,2008,,,3.2
UNSDG_CARIBBEAN,2009,,,3.2
UNSDG_CARIBBEAN,2010,,,3.2
UNSDG_CARIBBEAN,2011,,,3.1
UNSDG_CARIBBEAN,2012,,,3.1
UNSDG_CARIBBEAN,2013,,,3.1
UNSDG_CARIBBEAN,2014,,,3.1
UNSDG_CARIBBEAN,2015,,,3.1
UNSDG_CARIBBEAN,2016,,,3.0
UNSDG_CARIBBEAN,2017,,,3.0
UNSDG_CARIBBEAN,2018,,,3.0
UNSDG_CARIBBEAN,2019,,,3.0
UNSDG_CARIBBEAN,2020,,,3.0
UNSDG_CARIBBEAN,2021,,,2.9
UNSDG_CARIBBEAN,2022,,,2.9
UNSDG_CARIBBEAN,2023,,,2.9
UNSDG_CARIBBEAN,2024,,,2.9
UNSDG_CENTRALAMR,1990,,,3.1
UNSDG_CENTRALAMR,1991,,,3.0
UNSDG_CENTRALAMR,1992,,,2.9
UNSDG_CENTRALAMR,1993,,,2.8
UNSDG_CENTRALAMR,1994,,,2.7
UNSDG_CENTRALAMR,1995,,,2.6
UNSDG_CENTRALAMR,1996,,,2.5
UNSDG_CENTRALAMR,1997,,,2.4
UNSDG_CENTRALAMR,1998,,,2.3
UNSDG_CENTRALAMR,1999,,,2.2
UNSDG_CENTRALAMR,2000,,,2.2
UNSDG_CENTRALAMR,2001,,,2.1
UNSDG_CENTRALAMR,2002,,,2.0
UNSDG_CENTRALAMR,2003,,,1.9
UNSDG_CENTRALAMR,2004,,,1.9
UNSDG_CENTRALAMR,2005,,,1.8
UNSDG_CENTRALAMR,2006,,,1.7
UNSDG_CENTRALAMR,2007,,,1.7
UNSDG_CENTRALAMR,2008,,,1.6
UNSDG_CENTRALAMR,2009,,,1.6
UNSDG_CENTRALAMR,2010,,,1.5
UNSDG_CENTRALAMR,2011,,,1.5
UNSDG_CENTRALAMR,2012,,,1.4
UNSDG_CENTRALAMR,2013,,,1.4
UNSDG_CENTRALAMR,2014,,,1.3
UNSDG_CENTRALAMR,2015,,,1.3
UNSDG_CENTRALAMR,2016,,,1.2
UNSDG_CENTRALAMR,2017,,,1.2
UNSDG_CENTRALAMR,2018,,,1.1
UNSDG_CENTRALAMR,2019,,,1.1
UNSDG_CENTRALAMR,2020,,,1.1
UNSDG_CENTRALAMR,2021,,,1.0
UNSDG_CENTRALAMR,2022,,,1.0
UNSDG_CENTRALAMR,2023,,,1.0
UNSDG_CENTRALAMR,2024,,,0.9
UNSDG_CENTRALASIA,1990,,,10.9
UNSDG_CENTRALASIA,1991,,,10.4
UNSDG_CENTRALASIA,1992,,,10.0
UNSDG_CENTRALASIA,1993,,,9.5
UNSDG_CENTRALASIA,1994,,,9.1
UNSDG_CENTRALASIA,1995,,,8.7
UNSDG_CENTRALASIA,1996,,,8.3
UNSDG_CENTRALASIA,1997,,,7.9
UNSDG_CENTRALASIA,1998,,,7.5
UNSDG_CENTRALASIA,1999,,,7.2
UNSDG_CENTRALASIA,2000,,,6.8
UNSDG_CENTRALASIA,2001,,,6.5
UNSDG_CENTRALASIA,2002,,,6.2
UNSDG_CENTRALASIA,2003,,,5.9
UNSDG_CENTRALASIA,2004,,,5.6
UNSDG_CENTRALASIA,2005,,,5.3
UNSDG_CENTRALASIA,2006,,,5.1
UNSDG_CENTRALASIA,2007,,,4.8
UNSDG_CENTRALASIA,2008,,,4.6
UNSDG_CENTRALASIA,2009,,,4.4
UNSDG_CENTRALASIA,2010,,,4.2
UNSDG_CENTRALASIA,2011,,,4.0
UNSDG_CENTRALASIA,2012,,,3.8
UNSDG_CENTRALASIA,2013,,,3.6
UNSDG_CENTRALASIA,2014,,,3.4
UNSDG_CENTRALASIA,2015,,,3.3
UNSDG_CENTRALASIA,2016,,,3.1
UNSDG_CENTRALASIA,2017,,,2.9
UNSDG_CENTRALASIA,2018,,,2.8
UNSDG_CENTRALASIA,2019,,,2.7
UNSDG_CENTRALASIA,2020,,,2.5
UNSDG_CENTRALASIA,2021,,,2.4
UNSDG_CENTRALASIA,2022,,,2.3
UNSDG_CENTRALASIA,2023,,,2.2
UNSDG_CENTRALASIA,2024,,,2.1
UNSDG_CENTRALASIASOUTHERNASIA,1990,,,17.9
UNSDG_CENTRALASIASOUTHERNASIA,1991,,,17.7
UNSDG_CENTRALASIASOUTHERNASIA,1992,,,17.6
UNSDG_CENTRALASIASOUTHERNASIA,1993,,,17.4
UNSDG_CENTRALASIASOUTHERNASIA,1994,,,17.3
UNSDG_CENTRALASIASOUTHERNASIA,1995,,,17.1
UNSDG_CENTRALASIASOUTHERNASIA,1996,,,17.0
UNSDG_CENTRALASIASOUTHERNASIA,1997,,,16.8
UNSDG_CENTRALASIASOUTHERNASIA,1998,,,16.7
UNSDG_CENTRALASIASOUTHERNASIA,1999,,,16.5
UNSDG_CENTRALASIASOUTHERNASIA,2000,,,16.4
UNSDG_CENTRALASIASOUTHERNASIA,2001,,,16.3
UNSDG_CENTRALASIASOUTHERNASIA,2002,,,16.1
UNSDG_CENTRALASIASOUTHERNASIA,2003,,,16.0
UNSDG_CENTRALASIASOUTHERNASIA,2004,,,15.9
UNSDG_CENTRALASIASOUTHERNASIA,2005,,,15.7
UNSDG_CENTRALASIASOUTHERNASIA,2006,,,15.6
UNSDG_CENTRALASIASOUTHERNASIA,2007,,,15.4
UNSDG_CENTRALASIASOUTHERNASIA,2008,,,15.3
UNSDG_CENTRALASIASOUTHERNASIA,2009,,,15.1
UNSDG_CENTRALASIASOUTHERNASIA,2010,,,14.9
UNSDG_CENTRALASIASOUTHERNASIA,2011,,,14.8
UNSDG_CENTRALASIASOUTHERNASIA,2012,,,14.7
UNSDG_CENTRALASIASOUTHERNASIA,2013,,,14.5
UNSDG_CENTRALASIASOUTHERNASIA,2014,,,14.4
UNSDG_CENTRALASIASOUTHERNASIA,2015,,,14.2
UNSDG_CENTRALASIASOUTHERNASIA,2016,,,14.1
UNSDG_CENTRALASIASOUTHERNASIA,2017,,,13.9
UNSDG_CENTRALASIASOUTHERNASIA,2018,,,13.8
UNSDG_CENTRALASIASOUTHERNASIA,2019,,,13.7
UNSDG_CENTRALASIASOUTHERNASIA,2020,,,13.5
UNSDG_CENTRALASIASOUTHERNASIA,2021,,,13.4
UNSDG_CENTRALASIASOUTHERNASIA,2022,,,13.3
UNSDG_CENTRALASIASOUTHERNASIA,2023,,,13.1
UNSDG_CENTRALASIASOUTHERNASIA,2024,,,13.0
UNSDG_EASTERNAFR,1990,,,9.4
UNSDG_EASTERNAFR,1991,,,9.3
UNSDG_EASTERNAFR,1992,,,9.1
UNSDG_EASTERNAFR,1993,,,8.9
UNSDG_EASTERNAFR,1994,,,8.7
UNSDG_EASTERNAFR,1995,,,8.6
UNSDG_EASTERNAFR,1996,,,8.4
UNSDG_EASTERNAFR,1997,,,8.2
UNSDG_EASTERNAFR,1998,,,8.1
UNSDG_EASTERNAFR,1999,,,7.9
UNSDG_EASTERNAFR,2000,,,7.8
UNSDG_EASTERNAFR,2001,,,7.6
UNSDG_EASTERNAFR,2002,,,7.5
UNSDG_EASTERNAFR,2003,,,7.3
UNSDG_EASTERNAFR,2004,,,7.2
UNSDG_EASTERNAFR,2005,,,7.0
UNSDG_EASTERNAFR,2006,,,6.9
UNSDG_EASTERNAFR,2007,,,6.7
UNSDG_EASTERNAFR,2008,,,6.6
UNSDG_EASTERNAFR,2009,,,6.5
UNSDG_EASTERNAFR,2010,,,6.4
UNSDG_EASTERNAFR,2011,,,6.2
UNSDG_EASTERNAFR,2012,,,6.1
UNSDG_EASTERNAFR,2013,,,6.0
UNSDG_EASTERNAFR,2014,,,5.9
UNSDG_EASTERNAFR,2015,,,5.7
UNSDG_EASTERNAFR,2016,,,5.6
UNSDG_EASTERNAFR,2017,,,5.5
UNSDG_EASTERNAFR,2018,,,5.4
UNSDG_EASTERNAFR,2019,,,5.3
UNSDG_EASTERNAFR,2020,,,5.2
UNSDG_EASTERNAFR,2021,,,5.1
UNSDG_EASTERNAFR,2022,,,5.0
UNSDG_EASTERNAFR,2023,,,4.9
UNSDG_EASTERNAFR,2024,,,4.8
UNSDG_EASTERNASIA,1990,,,4.1
UNSDG_EASTERNASIA,1991,,,4.0
UNSDG_EASTERNASIA,1992,,,3.8
UNSDG_EASTERNASIA,1993,,,3.7
UNSDG_EASTERNASIA,1994,,,3.6
UNSDG_EASTERNASIA,1995,,,3.5
UNSDG_EASTERNASIA,1996,,,3.4
UNSDG_EASTERNASIA,1997,,,3.3
UNSDG_EASTERNASIA,1998,,,3.2
UNSDG_EASTERNASIA,1999,,,3.1
UNSDG_EASTERNASIA,2000,,,3.0
UNSDG_EASTERNASIA,2001,,,2.9
UNSDG_EASTERNASIA,2002,,,2.8
UNSDG_EASTERNASIA,2003,,,2.7
UNSDG_EASTERNASIA,2004,,,2.7
UNSDG_EASTERNASIA,2005,,,2.6
UNSDG_EASTERNASIA,2006,,,2.5
UNSDG_EASTERNASIA,2007,,,2.4
UNSDG_EASTERNASIA,2008,,,2.4
UNSDG_EASTERNASIA,2009,,,2.3
UNSDG_EASTERNASIA,2010,,,2.2
UNSDG_EASTERNASIA,2011,,,2.1
UNSDG_EASTERNASIA,2012,,,2.1
UNSDG_EASTERNASIA,2013,,,2.0
UNSDG_EASTERNASIA,2014,,,2.0
UNSDG_EASTERNASIA,2015,,,1.9
UNSDG_EASTERNASIA,2016,,,1.8
UNSDG_EASTERNASIA,2017,,,1.8
UNSDG_EASTERNASIA,2018,,,1.7
UNSDG_EASTERNASIA,2019,,,1.7
UNSDG_EASTERNASIA,2020,,,1.6
UNSDG_EASTERNASIA,2021,,,1.6
UNSDG_EASTERNASIA,2022,,,1.5
UNSDG_EASTERNASIA,2023,,,1.5
UNSDG_EASTERNASIA,2024,,,1.4
UNSDG_EASTERNASIASOUTHEASTERNASIA,1990,,,5.9
UNSDG_EASTERNASIASOUTHEASTERNASIA,1991,,,5.8
UNSDG_EASTERNASIASOUTHEASTERNASIA,1992,,,5.8
UNSDG_EASTERNASIASOUTHEASTERNASIA,1993,,,5.7
UNSDG_EASTERNASIASOUTHEASTERNASIA,1994,,,5.7
UNSDG_EASTERNASIASOUTHEASTERNASIA,1995,,,5.7
UNSDG_EASTERNASIASOUTHEASTERNASIA,1996,,,5.6
UNSDG_EASTERNASIASOUTHEASTERNASIA,1997,,,5.6
UNSDG_EASTERNASIASOUTHEASTERNASIA,1998,,,5.5
UNSDG_EASTERNASIASOUTHEASTERNASIA,1999,,,5.4
UNSDG_EASTERNASIASOUTHEASTERNASIA,2000,,,5.3
UNSDG_EASTERNASIASOUTHEASTERNASIA,2001,,,5.3
UNSDG_EASTERNASIASOUTHEASTERNASIA,2002,,,5.2
UNSDG_EASTERNASIASOUTHEASTERNASIA,2003,,,5.1
UNSDG_EASTERNASIASOUTHEASTERNASIA,2004,,,5.0
UNSDG_EASTERNASIASOUTHEASTERNASIA,2005,,,4.9
UNSDG_EASTERNASIASOUTHEASTERNASIA,2006,,,4.9
UNSDG_EASTERNASIASOUTHEASTERNASIA,2007,,,4.8
UNSDG_EASTERNASIASOUTHEASTERNASIA,2008,,,4.7
UNSDG_EASTERNASIASOUTHEASTERNASIA,2009,,,4.6
UNSDG_EASTERNASIASOUTHEASTERNASIA,2010,,,4.5
UNSDG_EASTERNASIASOUTHEASTERNASIA,2011,,,4.4
UNSDG_EASTERNASIASOUTHEASTERNASIA,2012,,,4.3
UNSDG_EASTERNASIASOUTHEASTERNASIA,2013,,,4.2
UNSDG_EASTERNASIASOUTHEASTERNASIA,2014,,,4.1
UNSDG_EASTERNASIASOUTHEASTERNASIA,2015,,,4.1
UNSDG_EASTERNASIASOUTHEASTERNASIA,2016,,,4.0
UNSDG_EASTERNASIASOUTHEASTERNASIA,2017,,,3.9
UNSDG_EASTERNASIASOUTHEASTERNASIA,2018,,,3.9
UNSDG_EASTERNASIASOUTHEASTERNASIA,2019,,,3.8
UNSDG_EASTERNASIASOUTHEASTERNASIA,2020,,,3.8
UNSDG_EASTERNASIASOUTHEASTERNASIA,2021,,,3.8
UNSDG_EASTERNASIASOUTHEASTERNASIA,2022,,,3.9
UNSDG_EASTERNASIASOUTHEASTERNASIA,2023,,,3.9
UNSDG_EASTERNASIASOUTHEASTERNASIA,2024,,,4.0
UNSDG_LAC,1990,,,2.5
UNSDG_LAC,1991,,,2.4
UNSDG_LAC,1992,,,2.4
UNSDG_LAC,1993,,,2.3
UNSDG_LAC,1994,,,2.3
UNSDG_LAC,1995,,,2.2
UNSDG_LAC,1996,,,2.2
UNSDG_LAC,1997,,,2.2
UNSDG_LAC,1998,,,2.1
UNSDG_LAC,1999,,,2.1
UNSDG_LAC,2000,,,2.0
UNSDG_LAC,2001,,,2.0
UNSDG_LAC,2002,,,2.0
UNSDG_LAC,2003,,,1.9
UNSDG_LAC,2004,,,1.9
UNSDG_LAC,2005,,,1.8
UNSDG_LAC,2006,,,1.8
UNSDG_LAC,2007,,,1.8
UNSDG_LAC,2008,,,1.7
UNSDG_LAC,2009,,,1.7
UNSDG_LAC,2010,,,1.7
UNSDG_LAC,2011,,,1.6
UNSDG_LAC,2012,,,1.6
UNSDG_LAC,2013,,,1.6
UNSDG_LAC,2014,,,1.6
UNSDG_LAC,2015,,,1.5
UNSDG_LAC,2016,,,1.5
UNSDG_LAC,2017,,,1.5
UNSDG_LAC,2018,,,1.4
UNSDG_LAC,2019,,,1.4
UNSDG_LAC,2020,,,1.4
UNSDG_LAC,2021,,,1.4
UNSDG_LAC,2022,,,1.3
UNSDG_LAC,2023,,,1.3
UNSDG_LAC,2024,,,1.3
UNSDG_LDC,1990,,,12.5
UNSDG_LDC,1991,,,12.3
UNSDG_LDC,1992,,,12.0
UNSDG_LDC,1993,,,11.8
UNSDG_LDC,1994,,,11.6
UNSDG_LDC,1995,,,11.4
UNSDG_LDC,1996,,,11.2
UNSDG_LDC,1997,,,11.0
UNSDG_LDC,1998,,,10.8
UNSDG_LDC,1999,,,10.6
UNSDG_LDC,2000,,,10.5
UNSDG_LDC,2001,,,10.3
UNSDG_LDC,2002,,,10.1
UNSDG_LDC,2003,,,9.9
UNSDG_LDC,2004,,,9.7
UNSDG_LDC,2005,,,9.6
UNSDG_LDC,2006,,,9.4
UNSDG_LDC,2007,,,9.2
UNSDG_LDC,2008,,,9.1
UNSDG_LDC,2009,,,8.9
UNSDG_LDC,2010,,,8.7
UNSDG_LDC,2011,,,8.6
UNSDG_LDC,2012,,,8.4
UNSDG_LDC,2013,,,8.3
UNSDG_LDC,2014,,,8.1
UNSDG_LDC,2015,,,8.0
UNSDG_LDC,2016,,,7.8
UNSDG_LDC,2017,,,7.7
UNSDG_LDC,2018,,,7.5
UNSDG_LDC,2019,,,7.4
UNSDG_LDC,2020,,,7.3
UNSDG_LDC,2021,,,7.1
UNSDG_LDC,2022,,,7.0
UNSDG_LDC,2023,,,6.9
UNSDG_LDC,2024,,,6.7
UNSDG_LLDC,1990,,,10.6
UNSDG_LLDC,1991,,,10.4
UNSDG_LLDC,1992,,,10.2
UNSDG_LLDC,1993,,,10.0
UNSDG_LLDC,1994,,,9.8
UNSDG_LLDC,1995,,,9.6
UNSDG_LLDC,1996,,,9.4
UNSDG_LLDC,1997,,,9.2
UNSDG_LLDC,1998,,,9.0
UNSDG_LLDC,1999,,,8.9
UNSDG_LLDC,2000,,,8.7
UNSDG_LLDC,2001,,,8.5
UNSDG_LLDC,2002,,,8.3
UNSDG_LLDC,2003,,,8.1
UNSDG_LLDC,2004,,,8.0
UNSDG_LLDC,2005,,,7.8
UNSDG_LLDC,2006,,,7.7
UNSDG_LLDC,2007,,,7.5
UNSDG_LLDC,2008,,,7.3
UNSDG_LLDC,2009,,,7.2
UNSDG_LLDC,2010,,,7.0
UNSDG_LLDC,2011,,,6.9
UNSDG_LLDC,2012,,,6.8
UNSDG_LLDC,2013,,,6.6
UNSDG_LLDC,2014,,,6.5
UNSDG_LLDC,2015,,,6.3
UNSDG_LLDC,2016,,,6.2
UNSDG_LLDC,2017,,,6.1
UNSDG_LLDC,2018,,,5.9
UNSDG_LLDC,2019,,,5.8
UNSDG_LLDC,2020,,,5.7
UNSDG_LLDC,2021,,,5.6
UNSDG_LLDC,2022,,,5.5
UNSDG_LLDC,2023,,,5.3
UNSDG_LLDC,2024,,,5.2
UNSDG_MIDDLEAFR,1990,,,10.6
UNSDG_MIDDLEAFR,1991,,,10.4
UNSDG_MIDDLEAFR,1992,,,10.2
UNSDG_MIDDLEAFR,1993,,,10.0
UNSDG_MIDDLEAFR,1994,,,9.9
UNSDG_MIDDLEAFR,1995,,,9.7
UNSDG_MIDDLEAFR,1996,,,9.5
UNSDG_MIDDLEAFR,1997,,,9.3
UNSDG_MIDDLEAFR,1998,,,9.1
UNSDG_MIDDLEAFR,1999,,,9.0
UNSDG_MIDDLEAFR,2000,,,8.8
UNSDG_MIDDLEAFR,2001,,,8.6
UNSDG_MIDDLEAFR,2002,,,8.5
UNSDG_MIDDLEAFR,2003,,,8.3
UNSDG_MIDDLEAFR,2004,,,8.1
UNSDG_MIDDLEAFR,2005,,,8.0
UNSDG_MIDDLEAFR,2006,,,7.8
UNSDG_MIDDLEAFR,2007,,,7.7
UNSDG_MIDDLEAFR,2008,,,7.5
UNSDG_MIDDLEAFR,2009,,,7.4
UNSDG_MIDDLEAFR,2010,,,7.3
UNSDG_MIDDLEAFR,2011,,,7.1
UNSDG_MIDDLEAFR,2012,,,7.0
UNSDG_MIDDLEAFR,2013,,,6.8
UNSDG_MIDDLEAFR,2014,,,6.7
UNSDG_MIDDLEAFR,2015,,,6.6
UNSDG_MIDDLEAFR,2016,,,6.5
UNSDG_MIDDLEAFR,2017,,,6.3
UNSDG_MIDDLEAFR,2018,,,6.2
UNSDG_MIDDLEAFR,2019,,,6.1
UNSDG_MIDDLEAFR,2020,,,6.0
UNSDG_MIDDLEAFR,2021,,,5.9
UNSDG_MIDDLEAFR,2022,,,5.7
UNSDG_MIDDLEAFR,2023,,,5.6
UNSDG_MIDDLEAFR,2024,,,5.5
UNSDG_NORTHAFR,1990,,,0.7
UNSDG_NORTHAFR,1991,,,0.7
UNSDG_NORTHAFR,1992,,,0.7
UNSDG_NORTHAFR,1993,,,0.6
UNSDG_NORTHAFR,1994,,,0.6
UNSDG_NORTHAFR,1995,,,0.6
UNSDG_NORTHAFR,1996,,,0.6
UNSDG_NORTHAFR,1997,,,0.6
UNSDG_NORTHAFR,1998,,,0.6
UNSDG_NORTHAFR,1999,,,0.6
UNSDG_NORTHAFR,2000,,,0.5
UNSDG_NORTHAFR,2001,,,0.5
UNSDG_NORTHAFR,2002,,,0.5
UNSDG_NORTHAFR,2003,,,0.5
UNSDG_NORTHAFR,2004,,,0.5
UNSDG_NORTHAFR,2005,,,0.5
UNSDG_NORTHAFR,2006,,,0.4
UNSDG_NORTHAFR,2007,,,0.4
UNSDG_NORTHAFR,2008,,,0.4
UNSDG_NORTHAFR,2009,,,0.4
UNSDG_NORTHAFR,2010,,,0.4
UNSDG_NORTHAFR,2011,,,0.4
UNSDG_NORTHAFR,2012,,,0.3
UNSDG_NORTHAFR,2013,,,0.3
UNSDG_NORTHAFR,2014,,,0.3
UNSDG_NORTHAFR,2015,,,0.3
UNSDG_NORTHAFR,2016,,,0.3
UNSDG_NORTHAFR,2017,,,0.3
UNSDG_NORTHAFR,2018,,,0.3
UNSDG_NORTHAFR,2019,,,0.2
UNSDG_NORTHAFR,2020,,,0.2
UNSDG_NORTHAFR,2021,,,0.2
UNSDG_NORTHAFR,2022,,,0.2
UNSDG_NORTHAFR,2023,,,0.2
UNSDG_NORTHAFR,2024,,,0.2
UNSDG_NORTHERNAMR,1990,,,0.7
UNSDG_NORTHERNAMR,1991,,,0.7
UNSDG_NORTHERNAMR,1992,,,0.7
UNSDG_NORTHERNAMR,1993,,,0.6
UNSDG_NORTHERNAMR,1994,,,0.6
UNSDG_NORTHERNAMR,1995,,,0.6
UNSDG_NORTHERNAMR,1996,,,0.6
UNSDG_NORTHERNAMR,1997,,,0.6
UNSDG_NORTHERNAMR,1998,,,0.6
UNSDG_NORTHERNAMR,1999,,,0.6
UNSDG_NORTHERNAMR,2000,,,0.5
UNSDG_NORTHERNAMR,2001,,,0.5
UNSDG_NORTHERNAMR,2002,,,0.5
UNSDG_NORTHERNAMR,2003,,,0.5
UNSDG_NORTHERNAMR,2004,,,0.5
UNSDG_NORTHERNAMR,2005,,,0.5
UNSDG_NORTHERNAMR,2006,,,0.4
UNSDG_NORTHERNAMR,2007,,,0.4
UNSDG_NORTHERNAMR,2008,,,0.4
UNSDG_NORTHERNAMR,2009,,,0.4
UNSDG_NORTHERNAMR,2010,,,0.4
UNSDG_NORTHERNAMR,2011,,,0.4
UNSDG_NORTHERNAMR,2012,,,0.3
UNSDG_NORTHERNAMR,2013,,,0.3
UNSDG_NORTHERNAMR,2014,,,0.3
UNSDG_NORTHERNAMR,2015,,,0.3
UNSDG_NORTHERNAMR,2016,,,0.3
UNSDG_NORTHERNAMR,2017,,,0.3
UNSDG_NORTHERNAMR,2018,,,0.3
UNSDG_NORTHERNAMR,2019,,,0.2
UNSDG_NORTHERNAMR,2020,,,0.2
UNSDG_NORTHERNAMR,2021,,,0.2
UNSDG_NORTHERNAMR,2022,,,0.2
UNSDG_NORTHERNAMR,2023,,,0.2
UNSDG_NORTHERNAMR,2024,,,0.2
UNSDG_OCEANIAexAUSNZL,1990,,,5.9
UNSDG_OCEANIAexAUSNZL,1991,,,5.9
UNSDG_OCEANIAexAUSNZL,1992,,,6.0
UNSDG_OCEANIAexAUSNZL,1993,,,6.1
UNSDG_OCEANIAexAUSNZL,1994,,,6.1
UNSDG_OCEANIAexAUSNZL,1995,,,6.2
UNSDG_OCEANIAexAUSNZL,1996,,,6.3
UNSDG_OCEANIAexAUSNZL,1997,,,6.3
UNSDG_OCEANIAexAUSNZL,1998,,,6.4
UNSDG_OCEANIAexAUSNZL,1999,,,6.5
UNSDG_OCEANIAexAUSNZL,2000,,,6.5
UNSDG_OCEANIAexAUSNZL,2001,,,6.6
UNSDG_OCEANIAexAUSNZL,2002,,,6.7
UNSDG_OCEANIAexAUSNZL,2003,,,6.7
UNSDG_OCEANIAexAUSNZL,2004,,,6.8
UNSDG_OCEANIAexAUSNZL,2005,,,6.9
UNSDG_OCEANIAexAUSNZL,2006,,,7.0
UNSDG_OCEANIAexAUSNZL,2007,,,7.0
UNSDG_OCEANIAexAUSNZL,2008,,,7.1
UNSDG_OCEANIAexAUSNZL,2009,,,7.2
UNSDG_OCEANIAexAUSNZL,2010,,,7.3
UNSDG_OCEANIAexAUSNZL,2011,,,7.3
UNSDG_OCEANIAexAUSNZL,2012,,,7.4
UNSDG_OCEANIAexAUSNZL,2013,,,7.5
UNSDG_OCEANIAexAUSNZL,2014,,,7.6
UNSDG_OCEANIAexAUSNZL,2015,,,7.6
UNSDG_OCEANIAexAUSNZL,2016,,,7.7
UNSDG_OCEANIAexAUSNZL,2017,,,7.8
UNSDG_OCEANIAexAUSNZL,2018,,,7.9
UNSDG_OCEANIAexAUSNZL,2019,,,8.0
UNSDG_OCEANIAexAUSNZL,2020,,,8.1
UNSDG_OCEANIAexAUSNZL,2021,,,8.1
UNSDG_OCEANIAexAUSNZL,2022,,,8.2
UNSDG_OCEANIAexAUSNZL,2023,,,8.3
UNSDG_OCEANIAexAUSNZL,2024,,,8.4
UNSDG_SIDS,1990,,,4.8
UNSDG_SIDS,1991,,,4.8
UNSDG_SIDS,1992,,,4.8
UNSDG_SIDS,1993,,,4.8
UNSDG_SIDS,1994,,,4.7
UNSDG_SIDS,1995,,,4.7
UNSDG_SIDS,1996,,,4.7
UNSDG_SIDS,1997,,,4.7
UNSDG_SIDS,1998,,,4.6
UNSDG_SIDS,1999,,,4.6
UNSDG_SIDS,2000,,,4.6
UNSDG_SIDS,2001,,,4.6
UNSDG_SIDS,2002,,,4.5
UNSDG_SIDS,2003,,,4.5
UNSDG_SIDS,2004,,,4.5
UNSDG_SIDS,2005,,,4.5
UNSDG_SIDS,2006,,,4.4
UNSDG_SIDS,2007,,,4.4
UNSDG_SIDS,2008,,,4.4
UNSDG_SIDS,2009,,,4.4
UNSDG_SIDS,2010,,,4.3
UNSDG_SIDS,2011,,,4.3
UNSDG_SIDS,2012,,,4.3
UNSDG_SIDS,2013,,,4.3
UNSDG_SIDS,2014,,,4.2
UNSDG_SIDS,2015,,,4.2
UNSDG_SIDS,2016,,,4.2
UNSDG_SIDS,2017,,,4.2
UNSDG_SIDS,2018,,,4.1
UNSDG_SIDS,2019,,,4.1
UNSDG_SIDS,2020,,,4.1
UNSDG_SIDS,2021,,,4.1
UNSDG_SIDS,2022,,,4.1
UNSDG_SIDS,2023,,,4.0
UNSDG_SIDS,2024,,,4.0
UNSDG_SOUTHAMR,1990,,,2.1
UNSDG_SOUTHAMR,1991,,,2.1
UNSDG_SOUTHAMR,1992,,,2.0
UNSDG_SOUTHAMR,1993,,,2.0
UNSDG_SOUTHAMR,1994,,,2.0
UNSDG_SOUTHAMR,1995,,,2.0
UNSDG_SOUTHAMR,1996,,,1.9
UNSDG_SOUTHAMR,1997,,,1.9
UNSDG_SOUTHAMR,1998,,,1.9
UNSDG_SOUTHAMR,1999,,,1.9
UNSDG_SOUTHAMR,2000,,,1.8
UNSDG_SOUTHAMR,2001,,,1.8
UNSDG_SOUTHAMR,2002,,,1.8
UNSDG_SOUTHAMR,2003,,,1.8
UNSDG_SOUTHAMR,2004,,,1.7
UNSDG_SOUTHAMR,2005,,,1.7
UNSDG_SOUTHAMR,2006,,,1.7
UNSDG_SOUTHAMR,2007,,,1.7
UNSDG_SOUTHAMR,2008,,,1.6
UNSDG_SOUTHAMR,2009,,,1.6
UNSDG_SOUTHAMR,2010,,,1.6
UNSDG_SOUTHAMR,2011,,,1.6
UNSDG_SOUTHAMR,2012,,,1.5
UNSDG_SOUTHAMR,2013,,,1.5
UNSDG_SOUTHAMR,2014,,,1.5
UNSDG_SOUTHAMR,2015,,,1.5
UNSDG_SOUTHAMR,2016,,,1.5
UNSDG_SOUTHAMR,2017,,,1.4
UNSDG_SOUTHAMR,2018,,,1.4
UNSDG_SOUTHAMR,2019,,,1.4
UNSDG_SOUTHAMR,2020,,,1.4
UNSDG_SOUTHAMR,2021,,,1.4
UNSDG_SOUTHAMR,2022,,,1.3
UNSDG_SOUTHAMR,2023,,,1.3
UNSDG_SOUTHAMR,2024,,,1.3
UNSDG_SOUTHASIA,1990,,,18.2
UNSDG_SOUTHASIA,1991,,,18.0
UNSDG_SOUTHASIA,1992,,,17.9
UNSDG_SOUTHASIA,1993,,,17.7
UNSDG_SOUTHASIA,1994,,,17.6
UNSDG_SOUTHASIA,1995,,,17.4
UNSDG_SOUTHASIA,1996,,,17.3
UNSDG_SOUTHASIA,1997,,,17.1
UNSDG_SOUTHASIA,1998,,,17.0
UNSDG_SOUTHASIA,1999,,,16.9
UNSDG_SOUTHASIA,2000,,,16.7
UNSDG_SOUTHASIA,2001,,,16.6
UNSDG_SOUTHASIA,2002,,,16.4
UNSDG_SOUTHASIA,2003,,,16.3
UNSDG_SOUTHASIA,2004,,,16.2
UNSDG_SOUTHASIA,2005,,,16.0
UNSDG_SOUTHASIA,2006,,,15.9
UNSDG_SOUTHASIA,2007,,,15.7
UNSDG_SOUTHASIA,2008,,,15.6
UNSDG_SOUTHASIA,2009,,,15.5
UNSDG_SOUTHASIA,2010,,,15.3
UNSDG_SOUTHASIA,2011,,,15.2
UNSDG_SOUTHASIA,2012,,,15.1
UNSDG_SOUTHASIA,2013,,,14.9
UNSDG_SOUTHASIA,2014,,,14.8
UNSDG_SOUTHASIA,2015,,,14.7
UNSDG_SOUTHASIA,2016,,,14.6
UNSDG_SOUTHASIA,2017,,,14.4
UNSDG_SOUTHASIA,2018,,,14.3
UNSDG_SOUTHASIA,2019,,,14.2
UNSDG_SOUTHASIA,2020,,,14.1
UNSDG_SOUTHASIA,2021,,,13.9
UNSDG_SOUTHASIA,2022,,,13.8
UNSDG_SOUTHASIA,2023,,,13.7
UNSDG_SOUTHASIA,2024,,,13.6
UNSDG_SOUTHEASTERNASIA,1990,,,10.6
UNSDG_SOUTHEASTERNASIA,1991,,,10.5
UNSDG_SOUTHEASTERNASIA,1992,,,10.4
UNSDG_SOUTHEASTERNASIA,1993,,,10.3
UNSDG_SOUTHEASTERNASIA,1994,,,10.1
UNSDG_SOUTHEASTERNASIA,1995,,,10.0
UNSDG_SOUTHEASTERNASIA,1996,,,9.9
UNSDG_SOUTHEASTERNASIA,1997,,,9.8
UNSDG_SOUTHEASTERNASIA,1998,,,9.7
UNSDG_SOUTHEASTERNASIA,1999,,,9.5
UNSDG_SOUTHEASTERNASIA,2000,,,9.4
UNSDG_SOUTHEASTERNASIA,2001,,,9.3
UNSDG_SOUTHEASTERNASIA,2002,,,9.2
UNSDG_SOUTHEASTERNASIA,2003,,,9.1
UNSDG_SOUTHEASTERNASIA,2004,,,9.0
UNSDG_SOUTHEASTERNASIA,2005,,,8.9
UNSDG_SOUTHEASTERNASIA,2006,,,8.8
UNSDG_SOUTHEASTERNASIA,2007,,,8.6
UNSDG_SOUTHEASTERNASIA,2008,,,8.5
UNSDG_SOUTHEASTERNASIA,2009,,,8.4
UNSDG_SOUTHEASTERNASIA,2010,,,8.3
UNSDG_SOUTHEASTERNASIA,2011,,,8.2
UNSDG_SOUTHEASTERNASIA,2012,,,8.1
UNSDG_SOUTHEASTERNASIA,2013,,,8.0
UNSDG_SOUTHEASTERNASIA,2014,,,7.9
UNSDG_SOUTHEASTERNASIA,2015,,,7.8
UNSDG_SOUTHEASTERNASIA,2016,,,7.7
UNSDG_SOUTHEASTERNASIA,2017,,,7.6
UNSDG_SOUTHEASTERNASIA,2018,,,7.5
UNSDG_SOUTHEASTERNASIA,2019,,,7.4
UNSDG_SOUTHEASTERNASIA,2020,,,7.4
UNSDG_SOUTHEASTERNASIA,2021,,,7.3
UNSDG_SOUTHEASTERNASIA,2022,,,7.2
UNSDG_SOUTHEASTERNASIA,2023,,,7.1
UNSDG_SOUTHEASTERNASIA,2024,,,7.0
UNSDG_SOUTHERNAFR,1990,,,5.6
UNSDG_SOUTHERNAFR,1991,,,5.5
UNSDG_SOUTHERNAFR,1992,,,5.4
UNSDG_SOUTHERNAFR,1993,,,5.3
UNSDG_SOUTHERNAFR,1994,,,5.2
UNSDG_SOUTHERNAFR,1995,,,5.1
UNSDG_SOUTHERNAFR,1996,,,5.0
UNSDG_SOUTHERNAFR,1997,,,5.0
UNSDG_SOUTHERNAFR,1998,,,4.9
UNSDG_SOUTHERNAFR,1999,,,4.8
UNSDG_SOUTHERNAFR,2000,,,4.7
UNSDG_SOUTHERNAFR,2001,,,4.6
UNSDG_SOUTHERNAFR,2002,,,4.5
UNSDG_SOUTHERNAFR,2003,,,4.4
UNSDG_SOUTHERNAFR,2004,,,4.4
UNSDG_SOUTHERNAFR,2005,,,4.3
UNSDG_SOUTHERNAFR,2006,,,4.2
UNSDG_SOUTHERNAFR,2007,,,4.1
UNSDG_SOUTHERNAFR,2008,,,4.0
UNSDG_SOUTHERNAFR,2009,,,4.0
UNSDG_SOUTHERNAFR,2010,,,3.9
UNSDG_SOUTHERNAFR,2011,,,3.8
UNSDG_SOUTHERNAFR,2012,,,3.8
UNSDG_SOUTHERNAFR,2013,,,3.7
UNSDG_SOUTHERNAFR,2014,,,3.6
UNSDG_SOUTHERNAFR,2015,,,3.6
UNSDG_SOUTHERNAFR,2016,,,3.5
UNSDG_SOUTHERNAFR,2017,,,3.4
UNSDG_SOUTHERNAFR,2018,,,3.4
UNSDG_SOUTHERNAFR,2019,,,3.3
UNSDG_SOUTHERNAFR,2020,,,3.2
UNSDG_SOUTHERNAFR,2021,,,3.2
UNSDG_SOUTHERNAFR,2022,,,3.1
UNSDG_SOUTHERNAFR,2023,,,3.1
UNSDG_SOUTHERNAFR,2024,,,3.0
UNSDG_SUBSAHARANAFRICA,1990,,,10.4
UNSDG_SUBSAHARANAFRICA,1991,,,10.2
UNSDG_SUBSAHARANAFRICA,1992,,,10.0
UNSDG_SUBSAHARANAFRICA,1993,,,9.8
UNSDG_SUBSAHARANAFRICA,1994,,,9.7
UNSDG_SUBSAHARANAFRICA,1995,,,9.5
UNSDG_SUBSAHARANAFRICA,1996,,,9.3
UNSDG_SUBSAHARANAFRICA,1997,,,9.1
UNSDG_SUBSAHARANAFRICA,1998,,,9.0
UNSDG_SUBSAHARANAFRICA,1999,,,8.8
UNSDG_SUBSAHARANAFRICA,2000,,,8.7
UNSDG_SUBSAHARANAFRICA,2001,,,8.5
UNSDG_SUBSAHARANAFRICA,2002,,,8.4
UNSDG_SUBSAHARANAFRICA,2003,,,8.2
UNSDG_SUBSAHARANAFRICA,2004,,,8.1
UNSDG_SUBSAHARANAFRICA,2005,,,7.9
UNSDG_SUBSAHARANAFRICA,2006,,,7.8
UNSDG_SUBSAHARANAFRICA,2007,,,7.6
UNSDG_SUBSAHARANAFRICA,2008,,,7.5
UNSDG_SUBSAHARANAFRICA,2009,,,7.3
UNSDG_SUBSAHARANAFRICA,2010,,,7.2
UNSDG_SUBSAHARANAFRICA,2011,,,7.1
UNSDG_SUBSAHARANAFRICA,2012,,,6.9
UNSDG_SUBSAHARANAFRICA,2013,,,6.8
UNSDG_SUBSAHARANAFRICA,2014,,,6.7
UNSDG_SUBSAHARANAFRICA,2015,,,6.6
UNSDG_SUBSAHARANAFRICA,2016,,,6.4
UNSDG_SUBSAHARANAFRICA,2017,,,6.3
UNSDG_SUBSAHARANAFRICA,2018,,,6.2
UNSDG_SUBSAHARANAFRICA,2019,,,6.1
UNSDG_SUBSAHARANAFRICA,2020,,,5.9
UNSDG_SUBSAHARANAFRICA,2021,,,5.8
UNSDG_SUBSAHARANAFRICA,2022,,,5.7
UNSDG_SUBSAHARANAFRICA,2023,,,5.6
UNSDG_SUBSAHARANAFRICA,2024,,,5.5
UNSDG_WESTERNAFR,1990,,,12.2
UNSDG_WESTERNAFR,1991,,,12.0
UNSDG_WESTERNAFR,1992,,,11.8
UNSDG_WESTERNAFR,1993,,,11.6
UNSDG_WESTERNAFR,1994,,,11.4
UNSDG_WESTERNAFR,1995,,,11.2
UNSDG_WESTERNAFR,1996,,,11.0
UNSDG_WESTERNAFR,1997,,,10.8
UNSDG_WESTERNAFR,1998,,,10.6
UNSDG_WESTERNAFR,1999,,,10.4
UNSDG_WESTERNAFR,2000,,,10.2
UNSDG_WESTERNAFR,2001,,,10.0
UNSDG_WESTERNAFR,2002,,,9.8
UNSDG_WESTERNAFR,2003,,,9.6
UNSDG_WESTERNAFR,2004,,,9.5
UNSDG_WESTERNAFR,2005,,,9.3
UNSDG_WESTERNAFR,2006,,,9.1
UNSDG_WESTERNAFR,2007,,,9.0
UNSDG_WESTERNAFR,2008,,,8.8
UNSDG_WESTERNAFR,2009,,,8.6
UNSDG_WESTERNAFR,2010,,,8.5
UNSDG_WESTERNAFR,2011,,,8.3
UNSDG_WESTERNAFR,2012,,,8.2
UNSDG_WESTERNAFR,2013,,,8.0
UNSDG_WESTERNAFR,2014,,,7.9
UNSDG_WESTERNAFR,2015,,,7.7
UNSDG_WESTERNAFR,2016,,,7.6
UNSDG_WESTERNAFR,2017,,,7.4
UNSDG_WESTERNAFR,2018,,,7.3
UNSDG_WESTERNAFR,2019,,,7.2
UNSDG_WESTERNAFR,2020,,,7.0
UNSDG_WESTERNAFR,2021,,,6.9
UNSDG_WESTERNAFR,2022,,,6.8
UNSDG_WESTERNAFR,2023,,,6.6
UNSDG_WESTERNAFR,2024,,,6.5
UNSDG_WESTERNASIA,1990,,,5.9
UNSDG_WESTERNASIA,1991,,,5.8
UNSDG_WESTERNASIA,1992,,,5.7
UNSDG_WESTERNASIA,1993,,,5.6
UNSDG_WESTERNASIA,1994,,,5.5
UNSDG_WESTERNASIA,1995,,,5.5
UNSDG_WESTERNASIA,1996,,,5.4
UNSDG_WESTERNASIA,1997,,,5.3
UNSDG_WESTERNASIA,1998,,,5.2
UNSDG_WESTERNASIA,1999,,,5.2
UNSDG_WESTERNASIA,2000,,,5.1
UNSDG_WESTERNASIA,2001,,,5.0
UNSDG_WESTERNASIA,2002,,,4.9
UNSDG_WESTERNASIA,2003,,,4.9
UNSDG_WESTERNASIA,2004,,,4.8
UNSDG_WESTERNASIA,2005,,,4.7
UNSDG_WESTERNASIA,2006,,,4.6
UNSDG_WESTERNASIA,2007,,,4.6
UNSDG_WESTERNASIA,2008,,,4.5
UNSDG_WESTERNASIA,2009,,,4.4
UNSDG_WESTERNASIA,2010,,,4.4
UNSDG_WESTERNASIA,2011,,,4.3
UNSDG_WESTERNASIA,2012,,,4.2
UNSDG_WESTERNASIA,2013,,,4.2
UNSDG_WESTERNASIA,2014,,,4.1
UNSDG_WESTERNASIA,2015,,,4.0
UNSDG_WESTERNASIA,2016,,,4.0
UNSDG_WESTERNASIA,2017,,,3.9
UNSDG_WESTERNASIA,2018,,,3.9
UNSDG_WESTERNASIA,2019,,,3.8
UNSDG_WESTERNASIA,2020,,,3.8
UNSDG_WESTERNASIA,2021,,,3.7
UNSDG_WESTERNASIA,2022,,,3.6
UNSDG_WESTERNASIA,2023,,,3.6
UNSDG_WESTERNASIA,2024,,,3.5
UNSDG_WESTERNASIANORTHERNAFR,1990,,,5.9
UNSDG_WESTERNASIANORTHERNAFR,1991,,,5.8
UNSDG_WESTERNASIANORTHERNAFR,1992,,,5.7
UNSDG_WESTERNASIANORTHERNAFR,1993,,,5.7
UNSDG_WESTERNASIANORTHERNAFR,1994,,,5.6
UNSDG_WESTERNASIANORTHERNAFR,1995,,,5.6
UNSDG_WESTERNASIANORTHERNAFR,1996,,,5.5
UNSDG_WESTERNASIANORTHERNAFR,1997,,,5.5
UNSDG_WESTERNASIANORTHERNAFR,1998,,,5.4
UNSDG_WESTERNASIANORTHERNAFR,1999,,,5.4
UNSDG_WESTERNASIANORTHERNAFR,2000,,,5.3
UNSDG_WESTERNASIANORTHERNAFR,2001,,,5.3
UNSDG_WESTERNASIANORTHERNAFR,2002,,,5.3
UNSDG_WESTERNASIANORTHERNAFR,2003,,,5.2
UNSDG_WESTERNASIANORTHERNAFR,2004,,,5.2
UNSDG_WESTERNASIANORTHERNAFR,2005,,,5.1
UNSDG_WESTERNASIANORTHERNAFR,2006,,,5.1
UNSDG_WESTERNASIANORTHERNAFR,2007,,,5.0
UNSDG_WESTERNASIANORTHERNAFR,2008,,,5.0
UNSDG_WESTERNASIANORTHERNAFR,2009,,,4.9
UNSDG_WESTERNASIANORTHERNAFR,2010,,,4.9
UNSDG_WESTERNASIANORTHERNAFR,2011,,,4.9
UNSDG_WESTERNASIANORTHERNAFR,2012,,,4.8
UNSDG_WESTERNASIANORTHERNAFR,2013,,,4.8
UNSDG_WESTERNASIANORTHERNAFR,2014,,,4.7
UNSDG_WESTERNASIANORTHERNAFR,2015,,,4.7
UNSDG_WESTERNASIANORTHERNAFR,2016,,,4.7
UNSDG_WESTERNASIANORTHERNAFR,2017,,,4.6
UNSDG_WESTERNASIANORTHERNAFR,2018,,,4.6
UNSDG_WESTERNASIANORTHERNAFR,2019,,,4.6
UNSDG_WESTERNASIANORTHERNAFR,2020,,,4.5
UNSDG_WESTERNASIANORTHERNAFR,2021,,,4.5
UNSDG_WESTERNASIANORTHERNAFR,2022,,,4.5
UNSDG_WESTERNASIANORTHERNAFR,2023,,,4.4
UNSDG_WESTERNASIANORTHERNAFR,2024,,,4.4
URY,1987,21.0,6.5,
URY,1999,15.3,4.7,1.6
URY,2002,14.7,5.4,2.4
URY,2003,17.2,5.0,1.7
URY,2004,13.9,6.0,3.0
URY,2007,11.8,3.9,1.4
URY,2011,11.7,3.9,0.6
URY,2013,5.0,1.1,1.1
URY,2016,10.8,3.3,0.8
URY,2018,6.9,1.8,1.4
USA,1991,3.1,0.8,0.5
USA,2000,3.2,1.1,0.5
USA,2002,3.1,0.8,0.3
USA,2004,2.9,1.3,0.7
USA,2006,3.1,0.7,0.9
USA,2008,2.3,0.7,0.6
USA,2010,2.8,1.0,0.1
USA,2012,2.2,0.5,0.3
USA,2014,2.4,0.7,0.3
USA,2016,3.5,1.4,0.4
USA,2018,3.4,0.4,0.1
USA,2022,3.8,,0.1
UZB,1996,41.9,21.7,17.9
UZB,2002,28.1,8.1,7.9
UZB,2006,21.5,5.1,3.3
UZB,2017,15.4,5.1,2.5
UZB,2021,7.7,2.1,3.0
VEN,1987,7.0,3.9,2.2
VEN,1990,18.6,6.7,5.7
VEN,1991,18.2,5.4,4.5
VEN,1992,18.3,4.5,4.3
VEN,1993,17.4,4.0,4.0
VEN,1994,17.9,3.9,3.8
VEN,1995,18.9,4.1,3.8
VEN,1996,19.3,4.4,3.8
VEN,1997,19.9,4.5,3.8
VEN,1998,19.2,4.6,4.4
VEN,1999,18.3,4.1,4.0
VEN,2000,17.4,3.9,3.9
VEN,2001,17.3,4.0,4.4
VEN,2002,17.6,4.2,4.8
VEN,2003,17.7,4.6,5.2
VEN,2004,17.1,4.5,5.2
VEN,2005,16.2,4.1,4.8
VEN,2006,16.2,3.9,4.8
VEN,2007,15.6,3.7,5.0
VEN,2008,14.6,3.2,4.5
VEN,2009,13.4,2.9,4.1
VNM,1988,61.3,40.7,11.1
VNM,1993,61.5,36.6,6.7
VNM,1994,52.5,40.6,13.5
VNM,1998,42.1,35.8,11.9
VNM,1999,43.8,31.1,10.9
VNM,2000-05,42.9,26.6,6.1
VNM,2000-12,42.1,29.4,10.7
VNM,2002,37.5,23.3,8.8
VNM,2003,35.4,24.6,10.8
VNM,2004,33.7,23.6,11.2
VNM,2005,33.3,22.8,10.6
VNM,2006,31.7,21.9,9.8
VNM,2007,31.7,21.6,10.0
VNM,2008,30.8,20.5,9.4
VNM,2009,29.3,17.5,7.1
VNM,2010,22.7,11.7,4.1
VNM,2011,27.5,16.8,6.6
VNM,2012,26.7,16.2,6.7
VNM,2013,25.9,15.3,6.6
VNM,2014,24.9,14.5,6.8
VNM,2015,24.6,14.1,6.4
VNM,2016,24.3,13.8,
VNM,2017,23.8,13.4,5.8
VNM,2018,23.2,12.8,5.4
VNM,2019,22.4,12.2,5.2
VNM,2020,,,4.7
VNM,2020-01,19.6,11.5,
VNM,2020-07,19.5,11.6,
VNM,2022,18.9,10.2,4.4
VNM,2023,18.2,9.7,4.4
VUT,1996,25.7,10.6,6.8
VUT,2008,25.7,11.5,5.9
VUT,2013,28.9,11.7,4.7
WB_EAP,1990,,,5.5
WB_EAP,1991,,,5.4
WB_EAP,1992,,,5.4
WB_EAP,1993,,,5.3
WB_EAP,1994,,,5.2
WB_EAP,1995,,,5.2
WB_EAP,1996,,,5.2
WB_EAP,1997,,,5.1
WB_EAP,1998,,,5.0
WB_EAP,1999,,,5.0
WB_EAP,2000,,,4.9
WB_EAP,2001,,,4.8
WB_EAP,2002,,,4.7
WB_EAP,2003,,,4.7
WB_EAP,2004,,,4.6
WB_EAP,2005,,,4.5
WB_EAP,2006,,,4.4
WB_EAP,2007,,,4.3
WB_EAP,2008,,,4.2
WB_EAP,2009,,,4.2
WB_EAP,2010,,,4.1
WB_EAP,2011,,,4.0
WB_EAP,2012,,,3.9
WB_EAP,2013,,,3.8
WB_EAP,2014,,,3.8
WB_EAP,2015,,,3.7
WB_EAP,2016,,,3.6
WB_EAP,2017,,,3.6
WB_EAP,2018,,,3.5
WB_EAP,2019,,,3.5
WB_EAP,2020,,,3.4
WB_EAP,2021,,,3.4
WB_EAP,2022,,,3.5
WB_EAP,2023,,,3.5
WB_EAP,2024,,,3.5
WB_ECA,1990,,,4.2
WB_ECA,1991,,,4.0
WB_ECA,1992,,,3.9
WB_ECA,1993,,,3.7
WB_ECA,1994,,,3.6
WB_ECA,1995,,,3.4
WB_ECA,1996,,,3.3
WB_ECA,1997,,,3.1
WB_ECA,1998,,,3.0
WB_ECA,1999,,,2.9
WB_ECA,2000,,,2.8
WB_ECA,2001,,,2.7
WB_ECA,2002,,,2.6
WB_ECA,2003,,,2.4
WB_ECA,2004,,,2.3
WB_ECA,2005,,,2.2
WB_ECA,2006,,,2.2
WB_ECA,2007,,,2.1
WB_ECA,2008,,,2.0
WB_ECA,2009,,,1.9
WB_ECA,2010,,,1.8
WB_ECA,2011,,,1.7
WB_ECA,2012,,,1.7
WB_ECA,2013,,,1.6
WB_ECA,2014,,,1.5
WB_ECA,2015,,,1.5
WB_ECA,2016,,,1.4
WB_ECA,2017,,,1.4
WB_ECA,2018,,,1.3
WB_ECA,2019,,,1.2
WB_ECA,2020,,,1.2
WB_ECA,2021,,,1.1
WB_ECA,2022,,,1.1
WB_ECA,2023,,,1.0
WB_ECA,2024,,,1.0
WB_HI,1990,,,1.6
WB_HI,1991,,,1.6
WB_HI,1992,,,1.5
WB_HI,1993,,,1.4
WB_HI,1994,,,1.4
WB_HI,1995,,,1.3
WB_HI,1996,,,1.3
WB_HI,1997,,,1.2
WB_HI,1998,,,1.2
WB_HI,1999,,,1.1
WB_HI,2000,,,1.1
WB_HI,2001,,,1.0
WB_HI,2002,,,1.0
WB_HI,2003,,,0.9
WB_HI,2004,,,0.9
WB_HI,2005,,,0.9
WB_HI,2006,,,0.8
WB_HI,2007,,,0.8
WB_HI,2008,,,0.8
WB_HI,2009,,,0.7
WB_HI,2010,,,0.7
WB_HI,2011,,,0.7
WB_HI,2012,,,0.6
WB_HI,2013,,,0.6
WB_HI,2014,,,0.6
WB_HI,2015,,,0.6
WB_HI,2016,,,0.5
WB_HI,2017,,,0.5
WB_HI,2018,,,0.5
WB_HI,2019,,,0.5
WB_HI,2020,,,0.5
WB_HI,2021,,,0.4
WB_HI,2022,,,0.4
WB_HI,2023,,,0.4
WB_HI,2024,,,0.4
WB_LAC,1990,,,2.5
WB_LAC,1991,,,2.4
WB_LAC,1992,,,2.4
WB_LAC,1993,,,2.3
WB_LAC,1994,,,2.3
WB_LAC,1995,,,2.2
WB_LAC,1996,,,2.2
WB_LAC,1997,,,2.2
WB_LAC,1998,,,2.1
WB_LAC,1999,,,2.1
WB_LAC,2000,,,2.0
WB_LAC,2001,,,2.0
WB_LAC,2002,,,2.0
WB_LAC,2003,,,1.9
WB_LAC,2004,,,1.9
WB_LAC,2005,,,1.8
WB_LAC,2006,,,1.8
WB_LAC,2007,,,1.8
WB_LAC,2008,,,1.7
WB_LAC,2009,,,1.7
WB_LAC,2010,,,1.7
WB_LAC,2011,,,1.6
WB_LAC,2012,,,1.6
WB_LAC,2013,,,1.6
WB_LAC,2014,,,1.6
WB_LAC,2015,,,1.5
WB_LAC,2016,,,1.5
WB_LAC,2017,,,1.5
WB_LAC,2018,,,1.4
WB_LAC,2019,,,1.4
WB_LAC,2020,,,1.4
WB_LAC,2021,,,1.4
WB_LAC,2022,,,1.3
WB_LAC,2023,,,1.3
WB_LAC,2024,,,1.3
WB_LI,1990,,,13.6
WB_LI,1991,,,13.3
WB_LI,1992,,,13.1
WB_LI,1993,,,12.8
WB_LI,1994,,,12.5
WB_LI,1995,,,12.2
WB_LI,1996,,,12.0
WB_LI,1997,,,11.7
WB_LI,1998,,,11.5
WB_LI,1999,,,11.2
WB_LI,2000,,,11.0
WB_LI,2001,,,10.7
WB_LI,2002,,,10.5
WB_LI,2003,,,10.3
WB_LI,2004,,,10.1
WB_LI,2005,,,9.8
WB_LI,2006,,,9.6
WB_LI,2007,,,9.4
WB_LI,2008,,,9.2
WB_LI,2009,,,9.0
WB_LI,2010,,,8.8
WB_LI,2011,,,8.6
WB_LI,2012,,,8.4
WB_LI,2013,,,8.2
WB_LI,2014,,,8.0
WB_LI,2015,,,7.9
WB_LI,2016,,,7.7
WB_LI,2017,,,7.5
WB_LI,2018,,,7.3
WB_LI,2019,,,7.2
WB_LI,2020,,,7.0
WB_LI,2021,,,6.9
WB_LI,2022,,,6.7
WB_LI,2023,,,6.6
WB_LI,2024,,,6.4
WB_LMI,1990,,,13.9
WB_LMI,1991,,,13.7
WB_LMI,1992,,,13.6
WB_LMI,1993,,,13.4
WB_LMI,1994,,,13.3
WB_LMI,1995,,,13.1
WB_LMI,1996,,,13.0
WB_LMI,1997,,,12.8
WB_LMI,1998,,,12.7
WB_LMI,1999,,,12.6
WB_LMI,2000,,,12.4
WB_LMI,2001,,,12.3
WB_LMI,2002,,,12.2
WB_LMI,2003,,,12.0
WB_LMI,2004,,,11.9
WB_LMI,2005,,,11.8
WB_LMI,2006,,,11.6
WB_LMI,2007,,,11.5
WB_LMI,2008,,,11.4
WB_LMI,2009,,,11.3
WB_LMI,2010,,,11.1
WB_LMI,2011,,,11.0
WB_LMI,2012,,,10.9
WB_LMI,2013,,,10.8
WB_LMI,2014,,,10.7
WB_LMI,2015,,,10.5
WB_LMI,2016,,,10.4
WB_LMI,2017,,,10.3
WB_LMI,2018,,,10.2
WB_LMI,2019,,,10.1
WB_LMI,2020,,,10.0
WB_LMI,2021,,,9.8
WB_LMI,2022,,,9.7
WB_LMI,2023,,,9.6
WB_LMI,2024,,,9.5
WB_MNA,1990,,,5.9
WB_MNA,1991,,,5.9
WB_MNA,1992,,,5.9
WB_MNA,1993,,,5.8
WB_MNA,1994,,,5.8
WB_MNA,1995,,,5.8
WB_MNA,1996,,,5.7
WB_MNA,1997,,,5.7
WB_MNA,1998,,,5.7
WB_MNA,1999,,,5.7
WB_MNA,2000,,,5.6
WB_MNA,2001,,,5.6
WB_MNA,2002,,,5.6
WB_MNA,2003,,,5.6
WB_MNA,2004,,,5.5
WB_MNA,2005,,,5.5
WB_MNA,2006,,,5.5
WB_MNA,2007,,,5.5
WB_MNA,2008,,,5.4
WB_MNA,2009,,,5.4
WB_MNA,2010,,,5.4
WB_MNA,2011,,,5.4
WB_MNA,2012,,,5.3
WB_MNA,2013,,,5.3
WB_MNA,2014,,,5.3
WB_MNA,2015,,,5.3
WB_MNA,2016,,,5.2
WB_MNA,2017,,,5.2
WB_MNA,2018,,,5.2
WB_MNA,2019,,,5.2
WB_MNA,2020,,,5.1
WB_MNA,2021,,,5.1
WB_MNA,2022,,,5.1
WB_MNA,2023,,,5.1
WB_MNA,2024,,,5.0
WB_NAR,1990,,,0.7
WB_NAR,1991,,,0.7
WB_NAR,1992,,,0.7
WB_NAR,1993,,,0.6
WB_NAR,1994,,,0.6
WB_NAR,1995,,,0.6
WB_NAR,1996,,,0.6
WB_NAR,1997,,,0.6
WB_NAR,1998,,,0.6
WB_NAR,1999,,,0.6
WB_NAR,2000,,,0.5
WB_NAR,2001,,,0.5
WB_NAR,2002,,,0.5
WB_NAR,2003,,,0.5
WB_NAR,2004,,,0.5
WB_NAR,2005,,,0.5
WB_NAR,2006,,,0.4
WB_NAR,2007,,,0.4
WB_NAR,2008,,,0.4
WB_NAR,2009,,,0.4
WB_NAR,2010,,,0.4
WB_NAR,2011,,,0.4
WB_NAR,2012,,,0.3
WB_NAR,2013,,,0.3
WB_NAR,2014,,,0.3
WB_NAR,2015,,,0.3
WB_NAR,2016,,,0.3
WB_NAR,2017,,,0.3
WB_NAR,2018,,,0.3
WB_NAR,2019,,,0.2
WB_NAR,2020,,,0.2
WB_NAR,2021,,,0.2
WB_NAR,2022,,,0.2
WB_NAR,2023,,,0.2
WB_NAR,2024,,,0.2
WB_SAR,1990,,,18.8
WB_SAR,1991,,,18.7
WB_SAR,1992,,,18.5
WB_SAR,1993,,,18.3
WB_SAR,1994,,,18.2
WB_SAR,1995,,,18.0
WB_SAR,1996,,,17.9
WB_SAR,1997,,,17.8
WB_SAR,1998,,,17.6
WB_SAR,1999,,,17.5
WB_SAR,2000,,,17.3
WB_SAR,2001,,,17.2
WB_SAR,2002,,,17.0
WB_SAR,2003,,,16.9
WB_SAR,2004,,,16.7
WB_SAR,2005,,,16.6
WB_SAR,2006,,,16.5
WB_SAR,2007,,,16.3
WB_SAR,2008,,,16.2
WB_SAR,2009,,,16.1
WB_SAR,2010,,,15.9
WB_SAR,2011,,,15.8
WB_SAR,2012,,,15.7
WB_SAR,2013,,,15.5
WB_SAR,2014,,,15.4
WB_SAR,2015,,,15.3
WB_SAR,2016,,,15.1
WB_SAR,2017,,,15.0
WB_SAR,2018,,,14.9
WB_SAR,2019,,,14.7
WB_SAR,2020,,,14.6
WB_SAR,2021,,,14.5
WB_SAR,2022,,,14.4
WB_SAR,2023,,,14.2
WB_SAR,2024,,,14.1
WB_SSA,1990,,,11.4
WB_SSA,1991,,,11.1
WB_SSA,1992,,,10.9
WB_SSA,1993,,,10.7
WB_SSA,1994,,,10.5
WB_SSA,1995,,,10.3
WB_SSA,1996,,,10.1
WB_SSA,1997,,,9.9
WB_SSA,1998,,,9.8
WB_SSA,1999,,,9.6
WB_SSA,2000,,,9.4
WB_SSA,2001,,,9.2
WB_SSA,2002,,,9.0
WB_SSA,2003,,,8.9
WB_SSA,2004,,,8.7
WB_SSA,2005,,,8.5
WB_SSA,2006,,,8.4
WB_SSA,2007,,,8.2
WB_SSA,2008,,,8.0
WB_SSA,2009,,,7.9
WB_SSA,2010,,,7.7
WB_SSA,2011,,,7.6
WB_SSA,2012,,,7.4
WB_SSA,2013,,,7.3
WB_SSA,2014,,,7.1
WB_SSA,2015,,,7.0
WB_SSA,2016,,,6.9
WB_SSA,2017,,,6.7
WB_SSA,2018,,,6.6
WB_SSA,2019,,,6.5
WB_SSA,2020,,,6.3
WB_SSA,2021,,,6.2
WB_SSA,2022,,,6.1
WB_SSA,2023,,,6.0
WB_SSA,2024,,,5.9
WB_UMI,1990,,,4.9
WB_UMI,1991,,,4.8
WB_UMI,1992,,,4.7
WB_UMI,1993,,,4.5
WB_UMI,1994,,,4.4
WB_UMI,1995,,,4.3
WB_UMI,1996,,,4.2
WB_UMI,1997,,,4.1
WB_UMI,1998,,,4.0
WB_UMI,1999,,,3.9
WB_UMI,2000,,,3.8
WB_UMI,2001,,,3.7
WB_UMI,2002,,,3.6
WB_UMI,2003,,,3.5
WB_UMI,2004,,,3.4
WB_UMI,2005,,,3.4
WB_UMI,2006,,,3.3
WB_UMI,2007,,,3.2
WB_UMI,2008,,,3.1
WB_UMI,2009,,,3.0
WB_UMI,2010,,,2.9
WB_UMI,2011,,,2.9
WB_UMI,2012,,,2.8
WB_UMI,2013,,,2.7
WB_UMI,2014,,,2.7
WB_UMI,2015,,,2.6
WB_UMI,2016,,,2.5
WB_UMI,2017,,,2.5
WB_UMI,2018,,,2.4
WB_UMI,2019,,,2.3
WB_UMI,2020,,,2.3
WB_UMI,2021,,,2.2
WB_UMI,2022,,,2.2
WB_UMI,2023,,,2.1
WB_UMI,2024,,,2.1
WHO_AFRO,1990,,,10.9
WHO_AFRO,1991,,,10.7
WHO_AFRO,1992,,,10.5
WHO_AFRO,1993,,,10.3
WHO_AFRO,1994,,,10.1
WHO_AFRO,1995,,,9.9
WHO_AFRO,1996,,,9.7
WHO_AFRO,1997,,,9.5
WHO_AFRO,1998,,,9.3
WHO_AFRO,1999,,,9.1
WHO_AFRO,2000,,,9.0
WHO_AFRO,2001,,,8.8
WHO_AFRO,2002,,,8.6
WHO_AFRO,2003,,,8.5
WHO_AFRO,2004,,,8.3
WHO_AFRO,2005,,,8.1
WHO_AFRO,2006,,,8.0
WHO_AFRO,2007,,,7.8
WHO_AFRO,2008,,,7.7
WHO_AFRO,2009,,,7.5
WHO_AFRO,2010,,,7.4
WHO_AFRO,2011,,,7.2
WHO_AFRO,2012,,,7.1
WHO_AFRO,2013,,,6.9
WHO_AFRO,2014,,,6.8
WHO_AFRO,2015,,,6.7
WHO_AFRO,2016,,,6.5
WHO_AFRO,2017,,,6.4
WHO_AFRO,2018,,,6.3
WHO_AFRO,2019,,,6.2
WHO_AFRO,2020,,,6.0
WHO_AFRO,2021,,,5.9
WHO_AFRO,2022,,,5.8
WHO_AFRO,2023,,,5.7
WHO_AFRO,2024,,,5.6
WHO_AMRO,1990,,,2.2
WHO_AMRO,1991,,,2.1
WHO_AMRO,1992,,,2.0
WHO_AMRO,1993,,,1.9
WHO_AMRO,1994,,,1.9
WHO_AMRO,1995,,,1.8
WHO_AMRO,1996,,,1.7
WHO_AMRO,1997,,,1.7
WHO_AMRO,1998,,,1.6
WHO_AMRO,1999,,,1.6
WHO_AMRO,2000,,,1.5
WHO_AMRO,2001,,,1.5
WHO_AMRO,2002,,,1.4
WHO_AMRO,2003,,,1.4
WHO_AMRO,2004,,,1.3
WHO_AMRO,2005,,,1.3
WHO_AMRO,2006,,,1.2
WHO_AMRO,2007,,,1.2
WHO_AMRO,2008,,,1.2
WHO_AMRO,2009,,,1.1
WHO_AMRO,2010,,,1.1
WHO_AMRO,2011,,,1.0
WHO_AMRO,2012,,,1.0
WHO_AMRO,2013,,,1.0
WHO_AMRO,2014,,,0.9
WHO_AMRO,2015,,,0.9
WHO_AMRO,2016,,,0.9
WHO_AMRO,2017,,,0.8
WHO_AMRO,2018,,,0.8
WHO_AMRO,2019,,,0.8
WHO_AMRO,2020,,,0.8
WHO_AMRO,2021,,,0.7
WHO_AMRO,2022,,,0.7
WHO_AMRO,2023,,,0.7
WHO_AMRO,2024,,,0.7
WHO_EMRO,1990,,,10.7
WHO_EMRO,1991,,,10.5
WHO_EMRO,1992,,,10.4
WHO_EMRO,1993,,,10.2
WHO_EMRO,1994,,,10.1
WHO_EMRO,1995,,,9.9
WHO_EMRO,1996,,,9.8
WHO_EMRO,1997,,,9.6
WHO_EMRO,1998,,,9.5
WHO_EMRO,1999,,,9.3
WHO_EMRO,2000,,,9.2
WHO_EMRO,2001,,,9.0
WHO_EMRO,2002,,,8.9
WHO_EMRO,2003,,,8.8
WHO_EMRO,2004,,,8.6
WHO_EMRO,2005,,,8.5
WHO_EMRO,2006,,,8.4
WHO_EMRO,2007,,,8.2
WHO_EMRO,2008,,,8.1
WHO_EMRO,2009,,,8.0
WHO_EMRO,2010,,,7.9
WHO_EMRO,2011,,,7.7
WHO_EMRO,2012,,,7.6
WHO_EMRO,2013,,,7.5
WHO_EMRO,2014,,,7.4
WHO_EMRO,2015,,,7.3
WHO_EMRO,2016,,,7.1
WHO_EMRO,2017,,,7.0
WHO_EMRO,2018,,,6.9
WHO_EMRO,2019,,,6.8
WHO_EMRO,2020,,,6.7
WHO_EMRO,2021,,,6.6
WHO_EMRO,2022,,,6.5
WHO_EMRO,2023,,,6.4
WHO_EMRO,2024,,,6.3
WHO_EURO,1990,,,4.0
WHO_EURO,1991,,,3.9
WHO_EURO,1992,,,3.7
WHO_EURO,1993,,,3.6
WHO_EURO,1994,,,3.5
WHO_EURO,1995,,,3.3
WHO_EURO,1996,,,3.2
WHO_EURO,1997,,,3.1
WHO_EURO,1998,,,3.0
WHO_EURO,1999,,,2.8
WHO_EURO,2000,,,2.7
WHO_EURO,2001,,,2.6
WHO_EURO,2002,,,2.5
WHO_EURO,2003,,,2.4
WHO_EURO,2004,,,2.3
WHO_EURO,2005,,,2.2
WHO_EURO,2006,,,2.2
WHO_EURO,2007,,,2.1
WHO_EURO,2008,,,2.0
WHO_EURO,2009,,,1.9
WHO_EURO,2010,,,1.8
WHO_EURO,2011,,,1.8
WHO_EURO,2012,,,1.7
WHO_EURO,2013,,,1.6
WHO_EURO,2014,,,1.6
WHO_EURO,2015,,,1.5
WHO_EURO,2016,,,1.4
WHO_EURO,2017,,,1.4
WHO_EURO,2018,,,1.3
WHO_EURO,2019,,,1.3
WHO_EURO,2020,,,1.2
WHO_EURO,2021,,,1.2
WHO_EURO,2022,,,1.1
WHO_EURO,2023,,,1.1
WHO_EURO,2024,,,1.0
WHO_SEARO,1990,,,17.4
WHO_SEARO,1991,,,17.2
WHO_SEARO,1992,,,17.1
WHO_SEARO,1993,,,17.0
WHO_SEARO,1994,,,16.9
WHO_SEARO,1995,,,16.8
WHO_SEARO,1996,,,16.7
WHO_SEARO,1997,,,16.6
WHO_SEARO,1998,,,16.5
WHO_SEARO,1999,,,16.4
WHO_SEARO,2000,,,16.3
WHO_SEARO,2001,,,16.2
WHO_SEARO,2002,,,16.0
WHO_SEARO,2003,,,15.9
WHO_SEARO,2004,,,15.8
WHO_SEARO,2005,,,15.7
WHO_SEARO,2006,,,15.6
WHO_SEARO,2007,,,15.5
WHO_SEARO,2008,,,15.4
WHO_SEARO,2009,,,15.3
WHO_SEARO,2010,,,15.2
WHO_SEARO,2011,,,15.1
WHO_SEARO,2012,,,15.0
WHO_SEARO,2013,,,14.9
WHO_SEARO,2014,,,14.8
WHO_SEARO,2015,,,14.7
WHO_SEARO,2016,,,14.6
WHO_SEARO,2017,,,14.5
WHO_SEARO,2018,,,14.4
WHO_SEARO,2019,,,14.3
WHO_SEARO,2020,,,14.2
WHO_SEARO,2021,,,14.1
WHO_SEARO,2022,,,14.1
WHO_SEARO,2023,,,14.0
WHO_SEARO,2024,,,13.9
WHO_WPRO,1990,,,4.6
WHO_WPRO,1991,,,4.4
WHO_WPRO,1992,,,4.3
WHO_WPRO,1993,,,4.2
WHO_WPRO,1994,,,4.1
WHO_WPRO,1995,,,4.0
WHO_WPRO,1996,,,3.9
WHO_WPRO,1997,,,3.8
WHO_WPRO,1998,,,3.7
WHO_WPRO,1999,,,3.6
WHO_WPRO,2000,,,3.5
WHO_WPRO,2001,,,3.4
WHO_WPRO,2002,,,3.3
WHO_WPRO,2003,,,3.2
WHO_WPRO,2004,,,3.2
WHO_WPRO,2005,,,3.1
WHO_WPRO,2006,,,3.0
WHO_WPRO,2007,,,2.9
WHO_WPRO,2008,,,2.8
WHO_WPRO,2009,,,2.8
WHO_WPRO,2010,,,2.7
WHO_WPRO,2011,,,2.6
WHO_WPRO,2012,,,2.6
WHO_WPRO,2013,,,2.5
WHO_WPRO,2014,,,2.4
WHO_WPRO,2015,,,2.4
WHO_WPRO,2016,,,2.3
WHO_WPRO,2017,,,2.2
WHO_WPRO,2018,,,2.2
WHO_WPRO,2019,,,2.1
WHO_WPRO,2020,,,2.1
WHO_WPRO,2021,,,2.0
WHO_WPRO,2022,,,2.0
WHO_WPRO,2023,,,1.9
WHO_WPRO,2024,,,1.9
WORLD,1990,,,9.4
WORLD,1991,,,9.3
WORLD,1992,,,9.2
WORLD,1993,,,9.2
WORLD,1994,,,9.1
WORLD,1995,,,9.1
WORLD,1996,,,9.1
WORLD,1997,,,9.0
WORLD,1998,,,8.9
WORLD,1999,,,8.9
WORLD,2000,,,8.8
WORLD,2001,,,8.7
WORLD,2002,,,8.6
WORLD,2003,,,8.5
WORLD,2004,,,8.4
WORLD,2005,,,8.3
WORLD,2006,,,8.2
WORLD,2007,,,8.1
WORLD,2008,,,7.9
WORLD,2009,,,7.8
WORLD,2010,,,7.7
WORLD,2011,,,7.6
WORLD,2012,,,7.4
WORLD,2013,,,7.3
WORLD,2014,,,7.2
WORLD,2015,,,7.1
WORLD,2016,,,7.0
WORLD,2017,,,6.9
WORLD,2018,,,6.8
WORLD,2019,,,6.8
WORLD,2020,,,6.7
WORLD,2021,,,6.7
WORLD,2022,,,6.7
WORLD,2023,,,6.6
WORLD,2024,,,6.6
WSM,1999,6.4,1.7,1.3
WSM,2014,4.9,3.2,3.9
WSM,2019,7.3,3.4,3.1
YEM,1991,53.4,31.1,14.3
YEM,1996,50.4,34.2,17.4
YEM,1997,59.0,47.0,17.3
YEM,2003,60.7,48.5,16.2
YEM,2005,60.8,38.6,13.9
YEM,2011,50.2,38.2,13.2
YEM,2013,51.2,43.8,17.1
YEM,2021,45.1,31.6,10.0
YEM,2022,52.0,44.0,18.6
ZAF,1994,28.7,8.0,3.3
ZAF,1999,30.1,9.8,4.5
ZAF,2008,25.0,9.1,5.4
ZAF,2015,21.2,5.7,3.4
ZAF,2016,27.4,5.9,2.5
ZAF,2017,21.3,4.9,3.6
ZMB,1992,52.7,25.4,6.2
ZMB,1995,58.1,,
ZMB,1996,54.2,23.7,6.2
ZMB,1999,62.0,22.1,5.5
ZMB,2002,57.4,25.2,6.0
ZMB,2007,48.3,15.6,5.9
ZMB,2013,42.1,15.8,5.9
ZMB,2018,35.9,12.4,3.8
ZWE,1987,,10.5,
ZWE,1988,35.9,8.0,1.5
ZWE,1994,30.3,11.8,6.5
ZWE,1999,36.2,11.5,9.8
ZWE,2005,37.3,14.0,7.8
ZWE,2009,37.1,11.7,2.8
ZWE,2010,33.7,10.2,3.4
ZWE,2013,32.8,11.1,3.5
ZWE,2014,30.4,11.2,3.5
ZWE,2015,28.7,8.5,3.6
ZWE,2019,25.6,9.7,2.8
ZWE,2024,25.9,9.6,5.1
